review_id,date,rating,review_text,verified_purchase,product_name,customer_name,helpful_count
REV-FC2C1ECA,2023-10-28,2,Terrible experience. Dropper broke inside the bottle. Avoid this product.,True,Collagen Beauty Powder,Customer_6499,11
REV-D34C4886,2024-01-17,4,Exceeded my expectations. Been using for 2 months now.,True,Youth Renewal Night Cream,Customer_8662,17
REV-96272B4B,2024-07-09,5,The Probiotic Gut Health Capsules exceeded expectations. Gentle on sensitive skin!,True,Radiance Vitamin C Serum,Customer_3990,34
REV-20578E4F,2023-11-15,3,It's okay nothing special. It's fine I guess.,True,Youth Renewal Night Cream,Customer_1494,36
REV-A7E15E24,2024-01-27,4,Best purchase i've made this year! Shipping was fast too.,True,Collagen Beauty Powder,Customer_1704,40
REV-4D90E634,2024-06-28,5,I product works exactly as described! The Turmeric Anti-Inflammatory Tablets is amazing.,True,Youth Renewal Night Cream,Customer_3701,33
REV-17DD7A66,2023-01-20,5,The Radiance Vitamin C Serum exceeded expectations. Will definitely repurchase!,True,Omega-3 Fish Oil Supplement,Customer_8457,26
REV-A36B520F,2024-10-29,3,Not bad but not amazing either. It's fine I guess.,True,Probiotic Gut Health Capsules,Customer_7124,33
REV-19593CA0,2023-02-03,3,Might work for others but not for me. It's fine I guess.,True,Probiotic Gut Health Capsules,Customer_1375,2
REV-F70D9602,2023-05-25,3,Average product for the price. It's fine I guess.,True,Collagen Beauty Powder,Customer_6325,27
REV-9A2E11DF,2023-05-15,4,I this brand really cares about customers! The Turmeric Anti-Inflammatory Tablets is amazing.,True,Probiotic Gut Health Capsules,Customer_5108,37
REV-A2DB6DED,2023-12-28,4,Packaging was beautiful and secure! Shipping was fast too.,False,PureGlow Cleansing Balm,Customer_9469,50
REV-FD9232EE,2023-03-09,1,One star is too generous. Bottle leaked all over the box.,True,Turmeric Anti-Inflammatory Tablets,Customer_4308,92
REV-DF55C3B0,2023-05-13,4,The Omega-3 Fish Oil Supplement exceeded expectations. Gentle on sensitive skin!,True,Collagen Beauty Powder,Customer_7900,35
REV-2FE838BF,2023-03-29,2,Very disappointed. The made my skin red and irritated. Won't buy again.,True,Radiance Vitamin C Serum,Customer_1596,20
REV-D1E0F0C7,2023-01-11,5,I gentle on sensitive skin! The Collagen Beauty Powder is amazing.,True,Turmeric Anti-Inflammatory Tablets,Customer_8576,1
REV-D24BF74F,2024-01-20,2,One star is too generous. Bottle leaked all over the box.,True,PureGlow Cleansing Balm,Customer_4488,22
REV-F121B332,2024-02-08,5,My skin has never looked better! Shipping was fast too.,True,Omega-3 Fish Oil Supplement,Customer_8735,24
REV-7C8F54BF,2023-04-30,5,The Collagen Beauty Powder exceeded expectations. Highly recommend to friends!,False,Omega-3 Fish Oil Supplement,Customer_2687,47
REV-D7D6F75B,2023-07-11,1,The Omega-3 Fish Oil Supplement discount code didn't apply. Very frustrated with this purchase.,True,PureGlow Cleansing Balm,Customer_9728,22
REV-46D1BDFA,2024-08-07,4,The Probiotic Gut Health Capsules exceeded expectations. This brand really cares about customers!,True,Omega-3 Fish Oil Supplement,Customer_8323,27
REV-A3489B48,2023-03-23,2,DO NOT BUY. Delivery was delayed by 2 weeks. This company doesn't care.,True,Youth Renewal Night Cream,Customer_3457,26
REV-C925B02A,2023-05-12,5,I exceeded my expectations! The Radiance Vitamin C Serum is amazing.,True,HydraBoost Daily Moisturizer,Customer_2541,35
REV-C4FF591F,2024-01-28,1,Terrible experience. Refund still hasn't processed. Avoid this product.,True,Radiance Vitamin C Serum,Customer_6317,74
REV-23C694C7,2023-08-08,4,Highly recommend to friends! Shipping was fast too.,True,Youth Renewal Night Cream,Customer_3098,37
REV-484A2BF6,2023-03-19,2,Waste of money. Caused breakout within days. Customer service was no help.,True,Youth Renewal Night Cream,Customer_6160,29
REV-F88D560D,2023-03-11,3,Might work for others but not for me. It's fine I guess.,True,Radiance Vitamin C Serum,Customer_1711,1
REV-7AB640AE,2023-06-27,1,DO NOT BUY. Discount code didn't apply. This company doesn't care.,True,Youth Renewal Night Cream,Customer_9462,59
REV-8363848A,2024-05-03,4,Just received my order and product works exactly as described. Great job!,True,Omega-3 Fish Oil Supplement,Customer_4767,6
REV-29EAF156,2024-12-09,5,I fast shipping and great quality! The Omega-3 Fish Oil Supplement is amazing.,True,PureGlow Cleansing Balm,Customer_2721,38
REV-E3AA6980,2023-04-03,5,Absolutely love this product. Been using for 2 months now.,True,Omega-3 Fish Oil Supplement,Customer_6504,30
REV-1FB00116,2024-07-09,2,Waste of money. Auto-renewal happened without warning. Customer service was no help.,True,Omega-3 Fish Oil Supplement,Customer_8351,48
REV-67AEF937,2024-06-30,3,Average product for the price. It's fine I guess.,True,PureGlow Cleansing Balm,Customer_9816,34
REV-3D887DF7,2024-11-09,5,I gentle on sensitive skin! The Youth Renewal Night Cream is amazing.,False,PureGlow Cleansing Balm,Customer_9088,16
REV-F0115D1E,2023-01-23,1,One star is too generous. Agent hung up on me.,True,PureGlow Cleansing Balm,Customer_2619,91
REV-3770BFF9,2023-09-20,4,I will definitely repurchase! The Radiance Vitamin C Serum is amazing.,True,Turmeric Anti-Inflammatory Tablets,Customer_2176,1
REV-16F417D6,2023-12-22,1,Ordered the Youth Renewal Night Cream and bottle leaked all over the box. So angry right now.,True,PureGlow Cleansing Balm,Customer_2345,58
REV-199E0FBA,2023-02-09,3,Not bad but not amazing either. It's fine I guess.,True,Youth Renewal Night Cream,Customer_3787,10
REV-3B2838B7,2024-03-01,5,Product works exactly as described! Shipping was fast too.,True,Radiance Vitamin C Serum,Customer_8411,18
REV-E913BB02,2023-05-05,3,Decent quality but slow shipping. It's fine I guess.,True,Turmeric Anti-Inflammatory Tablets,Customer_5780,4
REV-C1A9A773,2023-02-16,1,Ordered the HydraBoost Daily Moisturizer and charged after I cancelled. So angry right now.,True,Probiotic Gut Health Capsules,Customer_7478,30
REV-F2122E18,2023-07-19,2,The Youth Renewal Night Cream carrier lost my package twice. Very frustrated with this purchase.,True,Turmeric Anti-Inflammatory Tablets,Customer_9316,43
REV-9EDC9C3A,2024-08-16,3,Might work for others but not for me. It's fine I guess.,True,Collagen Beauty Powder,Customer_5584,11
REV-3C457BDD,2024-02-03,4,I will definitely repurchase! The Collagen Beauty Powder is amazing.,True,HydraBoost Daily Moisturizer,Customer_5112,12
REV-666280FD,2024-04-02,3,Decent quality but slow shipping. It's fine I guess.,True,Probiotic Gut Health Capsules,Customer_3681,32
REV-349DD486,2024-09-14,1,Very disappointed. The bottle was only half full. Won't buy again.,True,Radiance Vitamin C Serum,Customer_2586,88
REV-0A2BEF15,2023-06-06,4,Just received my order and best purchase I've made this year. Great job!,False,Omega-3 Fish Oil Supplement,Customer_5119,43
REV-10C22462,2023-07-26,2,Terrible experience. Product separated in the bottle. Avoid this product.,True,Probiotic Gut Health Capsules,Customer_3298,44
REV-F8A23F9F,2023-01-09,1,One star is too generous. Seal was already broken.,True,Youth Renewal Night Cream,Customer_4386,25
REV-5CC919C4,2024-02-16,4,Gentle on sensitive skin! Shipping was fast too.,True,Youth Renewal Night Cream,Customer_3984,43
REV-8A082310,2023-12-09,3,Does what it says but slowly. It's fine I guess.,True,Collagen Beauty Powder,Customer_5813,50
REV-0F18053E,2024-04-09,4,Just received my order and absolutely love this product. Great job!,True,PureGlow Cleansing Balm,Customer_2152,41
REV-5D22D8D7,2023-09-16,4,Highly recommend to friends! Shipping was fast too.,True,Probiotic Gut Health Capsules,Customer_2907,33
REV-71A99176,2024-05-31,1,Hard to find cancel button. I want a refund immediately.,True,PureGlow Cleansing Balm,Customer_6871,53
REV-AB4A9920,2023-09-27,4,Just received my order and love the natural ingredients. Great job!,True,Turmeric Anti-Inflammatory Tablets,Customer_3872,7
REV-070A0867,2024-10-01,3,Decent quality but slow shipping. It's fine I guess.,True,Collagen Beauty Powder,Customer_2353,32
REV-644ECD13,2023-03-06,3,Works but takes time to see results. It's fine I guess.,True,PureGlow Cleansing Balm,Customer_9929,49
REV-F1DE5DB6,2024-10-23,2,Ordered the Turmeric Anti-Inflammatory Tablets and got generic copy-paste responses. So angry right now.,True,Collagen Beauty Powder,Customer_1631,25
REV-85375F2A,2023-02-22,3,Not bad but not amazing either. It's fine I guess.,False,Turmeric Anti-Inflammatory Tablets,Customer_9464,37
REV-403153BE,2024-08-10,4,Just received my order and will definitely repurchase. Great job!,True,Probiotic Gut Health Capsules,Customer_3625,17
REV-BE7999C2,2023-02-11,5,I product works exactly as described! The Probiotic Gut Health Capsules is amazing.,True,Turmeric Anti-Inflammatory Tablets,Customer_3337,28
REV-C3C1F5C9,2023-12-17,5,Just received my order and highly recommend to friends. Great job!,True,Youth Renewal Night Cream,Customer_3645,0
REV-8E656787,2024-03-21,5,I great value for money! The Omega-3 Fish Oil Supplement is amazing.,True,Radiance Vitamin C Serum,Customer_6699,14
REV-3FDC8AC5,2023-11-25,4,Gentle on sensitive skin! Shipping was fast too.,False,Radiance Vitamin C Serum,Customer_9789,46
REV-B6286A3E,2023-06-05,1,No protective packaging at all. I want a refund immediately.,True,Probiotic Gut Health Capsules,Customer_2614,0
REV-A910FAE5,2023-04-07,1,Order never showed up. I want a refund immediately.,True,Probiotic Gut Health Capsules,Customer_3703,72
REV-4DD8254E,2024-03-05,2,Very disappointed. The charged after I cancelled. Won't buy again.,True,Omega-3 Fish Oil Supplement,Customer_8927,21
REV-E6D7D072,2024-09-26,5,Just received my order and will definitely repurchase. Great job!,True,HydraBoost Daily Moisturizer,Customer_6911,48
REV-BD7F2AFD,2023-10-12,4,Gentle on sensitive skin! Shipping was fast too.,False,PureGlow Cleansing Balm,Customer_7568,26
REV-71D8FE0A,2023-03-18,1,Support never responded to my email. I want a refund immediately.,True,HydraBoost Daily Moisturizer,Customer_7011,76
REV-81A76480,2023-04-27,1,Ordered the Collagen Beauty Powder and waited 45 minutes on chat with no help. So angry right now.,True,Youth Renewal Night Cream,Customer_8030,47
REV-691FB984,2024-08-27,1,The Omega-3 Fish Oil Supplement bottle was only half full. Very frustrated with this purchase.,True,Omega-3 Fish Oil Supplement,Customer_7577,99
REV-199ADDD7,2023-02-09,4,The Omega-3 Fish Oil Supplement exceeded expectations. Product works exactly as described!,True,HydraBoost Daily Moisturizer,Customer_6578,1
REV-9A164A0D,2024-10-25,3,It's okay nothing special. It's fine I guess.,True,Probiotic Gut Health Capsules,Customer_7490,26
REV-5A3C426C,2023-12-16,5,I love the natural ingredients! The Radiance Vitamin C Serum is amazing.,False,Probiotic Gut Health Capsules,Customer_9051,31
REV-330DC9B6,2024-08-29,5,The Omega-3 Fish Oil Supplement exceeded expectations. Customer service was super helpful!,True,Youth Renewal Night Cream,Customer_9087,11
REV-2776E4BE,2024-05-27,4,Will definitely repurchase. Been using for 2 months now.,True,Collagen Beauty Powder,Customer_8762,18
REV-FA790207,2024-01-18,2,Terrible experience. Product separated in the bottle. Avoid this product.,False,Turmeric Anti-Inflammatory Tablets,Customer_9205,22
REV-7E90CDE5,2024-06-06,4,Exceeded my expectations. Been using for 2 months now.,True,Probiotic Gut Health Capsules,Customer_6940,16
REV-C03887A6,2023-04-01,5,The Omega-3 Fish Oil Supplement exceeded expectations. Fast shipping and great quality!,True,Turmeric Anti-Inflammatory Tablets,Customer_8723,6
REV-91D7A238,2024-10-01,3,Would consider other options next time. It's fine I guess.,True,Omega-3 Fish Oil Supplement,Customer_7427,20
REV-E447A9C0,2023-07-26,2,Terrible experience. Jar arrived cracked. Avoid this product.,True,Omega-3 Fish Oil Supplement,Customer_6687,10
REV-05247334,2023-06-29,5,Gentle on sensitive skin! Shipping was fast too.,True,PureGlow Cleansing Balm,Customer_6493,1
REV-76EB42F1,2023-11-30,2,Ordered the Probiotic Gut Health Capsules and product separated in the bottle. So angry right now.,True,Probiotic Gut Health Capsules,Customer_5996,2
REV-3AC77EF3,2024-09-24,4,I will definitely repurchase! The Radiance Vitamin C Serum is amazing.,True,Omega-3 Fish Oil Supplement,Customer_3773,26
REV-060B76D9,2024-03-12,1,DO NOT BUY. Carrier lost my package twice. This company doesn't care.,True,PureGlow Cleansing Balm,Customer_9385,63
REV-01F383C0,2024-03-25,4,I love the natural ingredients! The Turmeric Anti-Inflammatory Tablets is amazing.,True,Collagen Beauty Powder,Customer_5446,45
REV-C4612121,2024-11-12,2,DO NOT BUY. Took 2 weeks to get a response. This company doesn't care.,True,Probiotic Gut Health Capsules,Customer_2122,8
REV-703168A5,2024-05-02,1,Very disappointed. The no protective packaging at all. Won't buy again.,True,Turmeric Anti-Inflammatory Tablets,Customer_3723,36
REV-BE3178D7,2024-07-23,2,Waste of money. Agent hung up on me. Customer service was no help.,True,Probiotic Gut Health Capsules,Customer_7421,22
REV-6325C602,2024-11-07,5,I highly recommend to friends! The Radiance Vitamin C Serum is amazing.,True,Radiance Vitamin C Serum,Customer_2694,7
REV-7F7C1725,2024-01-15,5,Just received my order and fast shipping and great quality. Great job!,False,Turmeric Anti-Inflammatory Tablets,Customer_5159,11
REV-81114CCA,2024-09-10,4,The PureGlow Cleansing Balm exceeded expectations. Exceeded my expectations!,False,Youth Renewal Night Cream,Customer_9897,15
REV-258FD8F1,2024-11-08,5,The PureGlow Cleansing Balm exceeded expectations. Highly recommend to friends!,True,HydraBoost Daily Moisturizer,Customer_7185,32
REV-F1C7ECF8,2024-03-26,1,Terrible experience. Refund still hasn't processed. Avoid this product.,True,Youth Renewal Night Cream,Customer_7323,32
REV-84BBDB58,2023-07-03,4,The Omega-3 Fish Oil Supplement exceeded expectations. Absolutely love this product!,False,Radiance Vitamin C Serum,Customer_6139,28
REV-C18688EC,2023-08-03,4,I this brand really cares about customers! The HydraBoost Daily Moisturizer is amazing.,True,HydraBoost Daily Moisturizer,Customer_9002,19
REV-8D3C8091,2023-03-23,4,Just received my order and exceeded my expectations. Great job!,True,PureGlow Cleansing Balm,Customer_6973,14
REV-1FC35061,2023-10-04,3,Decent quality but slow shipping. It's fine I guess.,True,HydraBoost Daily Moisturizer,Customer_6659,4
REV-B2C72E73,2024-06-15,3,Might work for others but not for me. It's fine I guess.,True,Omega-3 Fish Oil Supplement,Customer_5349,15
REV-9F046C37,2024-12-11,1,Consistency is too thick and greasy. I want a refund immediately.,False,PureGlow Cleansing Balm,Customer_1099,6
REV-A1F8FDAF,2023-08-27,2,The Turmeric Anti-Inflammatory Tablets customs held my order for a month. Very frustrated with this purchase.,True,Youth Renewal Night Cream,Customer_7276,38
REV-B93D78CB,2024-02-06,1,DO NOT BUY. Charged twice for same order. This company doesn't care.,True,Turmeric Anti-Inflammatory Tablets,Customer_8667,69
REV-51D08F86,2024-07-07,4,My skin has never looked better! Shipping was fast too.,True,Probiotic Gut Health Capsules,Customer_5226,49
REV-9B7B36C2,2023-09-17,2,One star is too generous. Representative was rude and unhelpful.,True,Radiance Vitamin C Serum,Customer_4487,22
REV-85E25332,2024-06-04,3,Not bad but not amazing either. It's fine I guess.,True,HydraBoost Daily Moisturizer,Customer_5572,41
REV-653230A9,2023-08-20,5,I exceeded my expectations! The Radiance Vitamin C Serum is amazing.,False,HydraBoost Daily Moisturizer,Customer_3063,15
REV-E4C5A107,2023-03-08,4,Just received my order and will definitely repurchase. Great job!,True,Collagen Beauty Powder,Customer_7943,48
REV-9F5F14D9,2024-11-12,4,Just received my order and gentle on sensitive skin. Great job!,True,Omega-3 Fish Oil Supplement,Customer_4218,3
REV-33689660,2024-06-27,4,Just received my order and absolutely love this product. Great job!,True,HydraBoost Daily Moisturizer,Customer_5723,48
REV-6C5A582B,2023-08-03,1,Very disappointed. The refund still hasn't processed. Won't buy again.,False,HydraBoost Daily Moisturizer,Customer_5936,73
REV-3B4D38C1,2023-12-14,3,Would consider other options next time. It's fine I guess.,True,Omega-3 Fish Oil Supplement,Customer_8439,34
REV-2F5F7164,2024-02-11,1,DO NOT BUY. Smells rancid like old oil. This company doesn't care.,False,Probiotic Gut Health Capsules,Customer_3840,38
REV-F1611610,2023-11-22,2,DO NOT BUY. Packaging looks cheap for the price. This company doesn't care.,True,HydraBoost Daily Moisturizer,Customer_5109,15
REV-C076ECFD,2024-10-31,4,Noticed results in just one week! Shipping was fast too.,True,Collagen Beauty Powder,Customer_4454,40
REV-BDF62FE8,2024-05-01,4,I my skin has never looked better! The Collagen Beauty Powder is amazing.,True,HydraBoost Daily Moisturizer,Customer_1799,47
REV-7BB82F6B,2023-10-27,1,Took 2 weeks to get a response. I want a refund immediately.,True,Radiance Vitamin C Serum,Customer_6527,80
REV-EDAE15B1,2023-12-12,1,Ordered the Radiance Vitamin C Serum and auto-renewal happened without warning. So angry right now.,False,PureGlow Cleansing Balm,Customer_2902,79
REV-144B6C38,2024-07-08,4,The Probiotic Gut Health Capsules exceeded expectations. Love the natural ingredients!,False,Turmeric Anti-Inflammatory Tablets,Customer_1598,30
REV-C916C75D,2024-11-24,1,Waste of money. Carrier lost my package twice. Customer service was no help.,True,Collagen Beauty Powder,Customer_9054,100
REV-1FC59EF7,2024-11-10,5,I product works exactly as described! The Radiance Vitamin C Serum is amazing.,True,Turmeric Anti-Inflammatory Tablets,Customer_6177,18
REV-B05F8CA6,2023-04-30,5,Just received my order and fast shipping and great quality. Great job!,True,Probiotic Gut Health Capsules,Customer_8324,47
REV-3C27D7E4,2024-06-01,4,The PureGlow Cleansing Balm exceeded expectations. Love the natural ingredients!,True,HydraBoost Daily Moisturizer,Customer_6233,36
REV-1E7B8691,2024-08-14,1,The Youth Renewal Night Cream got generic copy-paste responses. Very frustrated with this purchase.,True,Omega-3 Fish Oil Supplement,Customer_9484,31
REV-9B1442CF,2023-01-15,5,Packaging was beautiful and secure. Been using for 2 months now.,True,Probiotic Gut Health Capsules,Customer_4939,18
REV-881E9896,2023-05-15,5,Will definitely repurchase! Shipping was fast too.,True,Turmeric Anti-Inflammatory Tablets,Customer_6674,44
REV-AB8A29DE,2023-01-30,1,Very disappointed. The dropper broke inside the bottle. Won't buy again.,True,Omega-3 Fish Oil Supplement,Customer_9431,24
REV-C5F1D174,2024-05-26,3,Would consider other options next time. It's fine I guess.,True,HydraBoost Daily Moisturizer,Customer_1637,18
REV-84AADF30,2023-04-16,2,DO NOT BUY. Took 2 weeks to get a response. This company doesn't care.,True,Turmeric Anti-Inflammatory Tablets,Customer_1423,7
REV-5D95454C,2023-12-15,3,It's okay nothing special. It's fine I guess.,True,HydraBoost Daily Moisturizer,Customer_6320,8
REV-D6A075AE,2024-10-22,1,Waste of money. Pump dispenser doesn't work. Customer service was no help.,True,Probiotic Gut Health Capsules,Customer_2169,37
REV-C24892B9,2024-10-03,2,Terrible experience. Cap was loose and product spilled. Avoid this product.,True,Radiance Vitamin C Serum,Customer_5422,13
REV-80CE70B4,2024-05-12,3,Decent quality but slow shipping. It's fine I guess.,True,PureGlow Cleansing Balm,Customer_4939,8
REV-F14A69D8,2024-02-05,2,One star is too generous. Agent hung up on me.,True,HydraBoost Daily Moisturizer,Customer_9489,35
REV-58699859,2024-11-21,4,I will definitely repurchase! The PureGlow Cleansing Balm is amazing.,True,HydraBoost Daily Moisturizer,Customer_8452,18
REV-59A98664,2023-11-12,5,I noticed results in just one week! The Omega-3 Fish Oil Supplement is amazing.,True,Probiotic Gut Health Capsules,Customer_5838,16
REV-070B1D4F,2024-12-10,2,Terrible experience. Product separated in the bottle. Avoid this product.,True,Turmeric Anti-Inflammatory Tablets,Customer_7114,39
REV-8BB47559,2024-02-12,4,The Turmeric Anti-Inflammatory Tablets exceeded expectations. Packaging was beautiful and secure!,False,Omega-3 Fish Oil Supplement,Customer_9758,11
REV-A6787249,2023-06-21,5,Just received my order and this brand really cares about customers. Great job!,True,Turmeric Anti-Inflammatory Tablets,Customer_8627,2
REV-09061318,2024-12-14,5,The Probiotic Gut Health Capsules exceeded expectations. This brand really cares about customers!,True,Youth Renewal Night Cream,Customer_4497,16
REV-BB2ABD53,2023-03-25,2,Terrible experience. Bottle was only half full. Avoid this product.,True,Probiotic Gut Health Capsules,Customer_8368,10
REV-2647F114,2024-02-01,3,Works but takes time to see results. It's fine I guess.,True,Turmeric Anti-Inflammatory Tablets,Customer_4506,50
REV-E086E31A,2023-12-03,4,Just received my order and this brand really cares about customers. Great job!,True,Turmeric Anti-Inflammatory Tablets,Customer_5887,29
REV-37246F65,2023-02-26,3,Does what it says but slowly. It's fine I guess.,True,PureGlow Cleansing Balm,Customer_6865,12
REV-42B4F67D,2024-01-06,2,Terrible experience. Tracking number didn't work. Avoid this product.,True,Probiotic Gut Health Capsules,Customer_6552,13
REV-EB83CBA7,2024-06-07,2,Terrible experience. Package left in rain. Avoid this product.,True,PureGlow Cleansing Balm,Customer_5617,7
REV-6FEDFAA1,2023-06-04,3,Decent quality but slow shipping. It's fine I guess.,True,Collagen Beauty Powder,Customer_5774,41
REV-C9A5D7DE,2023-01-22,2,One star is too generous. Tracking number didn't work.,False,PureGlow Cleansing Balm,Customer_9559,33
REV-4B1D87BF,2024-06-09,4,Gentle on sensitive skin. Been using for 2 months now.,True,Omega-3 Fish Oil Supplement,Customer_9615,9
REV-E5238520,2023-01-25,4,Just received my order and customer service was super helpful. Great job!,True,Radiance Vitamin C Serum,Customer_9668,16
REV-C499F6E6,2024-01-30,2,Packaging looks cheap for the price. I want a refund immediately.,True,PureGlow Cleansing Balm,Customer_9997,38
REV-776FD31B,2024-02-07,5,The PureGlow Cleansing Balm exceeded expectations. Love the natural ingredients!,True,PureGlow Cleansing Balm,Customer_9853,21
REV-DBAA376F,2024-05-10,5,Gentle on sensitive skin! Shipping was fast too.,True,PureGlow Cleansing Balm,Customer_2443,2
REV-D5A650F7,2023-08-25,1,Ordered the HydraBoost Daily Moisturizer and couldn't cancel my subscription. So angry right now.,True,Youth Renewal Night Cream,Customer_9003,55
REV-E298A1A0,2023-01-22,5,Packaging was beautiful and secure! Shipping was fast too.,True,Collagen Beauty Powder,Customer_8769,13
REV-F5688F53,2023-09-13,4,The HydraBoost Daily Moisturizer exceeded expectations. My skin has never looked better!,True,PureGlow Cleansing Balm,Customer_9163,26
REV-3425C720,2024-09-18,4,Just received my order and gentle on sensitive skin. Great job!,True,Collagen Beauty Powder,Customer_2952,26
REV-4CD63F4A,2023-04-18,5,Just received my order and love the natural ingredients. Great job!,True,HydraBoost Daily Moisturizer,Customer_5506,1
REV-51D42440,2023-02-07,5,I love the natural ingredients! The Youth Renewal Night Cream is amazing.,True,Omega-3 Fish Oil Supplement,Customer_3837,38
REV-B843C5A0,2023-10-03,3,Not bad but not amazing either. It's fine I guess.,True,Probiotic Gut Health Capsules,Customer_8499,37
REV-F7706659,2024-08-01,1,Very disappointed. The nobody answered my phone call. Won't buy again.,False,HydraBoost Daily Moisturizer,Customer_7074,51
REV-D12DF22A,2023-03-13,5,I highly recommend to friends! The PureGlow Cleansing Balm is amazing.,True,Youth Renewal Night Cream,Customer_2781,10
REV-90B11911,2024-12-29,2,Very disappointed. The seal was already broken. Won't buy again.,True,Probiotic Gut Health Capsules,Customer_1063,49
REV-53901AB7,2024-04-03,4,Absolutely love this product. Been using for 2 months now.,True,Radiance Vitamin C Serum,Customer_4575,44
REV-695AEE5C,2023-09-21,5,I gentle on sensitive skin! The Radiance Vitamin C Serum is amazing.,True,Radiance Vitamin C Serum,Customer_5505,21
REV-E700C726,2023-04-20,1,Tracking number didn't work. I want a refund immediately.,True,Radiance Vitamin C Serum,Customer_7802,30
REV-A2E8BCEC,2023-02-24,3,Would consider other options next time. It's fine I guess.,True,Collagen Beauty Powder,Customer_5643,33
REV-94F80C50,2024-04-24,2,Waste of money. Packaging looks cheap for the price. Customer service was no help.,True,Omega-3 Fish Oil Supplement,Customer_2982,2
REV-303DF7C1,2024-01-26,1,DO NOT BUY. Nobody answered my phone call. This company doesn't care.,True,PureGlow Cleansing Balm,Customer_1223,29
REV-4A016988,2024-05-09,1,The HydraBoost Daily Moisturizer packaging looks cheap for the price. Very frustrated with this purchase.,False,Omega-3 Fish Oil Supplement,Customer_2028,22
REV-7224C9F4,2024-05-02,1,Waste of money. Chat bot kept looping without solution. Customer service was no help.,True,Omega-3 Fish Oil Supplement,Customer_4646,58
REV-8BBBCB2B,2024-01-28,4,The Probiotic Gut Health Capsules exceeded expectations. Will definitely repurchase!,True,HydraBoost Daily Moisturizer,Customer_9539,49
REV-48362AFC,2024-12-03,5,Exceeded my expectations! Shipping was fast too.,True,Probiotic Gut Health Capsules,Customer_5997,46
REV-4B9076CC,2024-10-14,1,Waste of money. Order never showed up. Customer service was no help.,True,Youth Renewal Night Cream,Customer_9583,85
REV-BD8C403E,2024-11-27,1,Waited 45 minutes on chat with no help. I want a refund immediately.,True,Radiance Vitamin C Serum,Customer_7888,79
REV-12499CE8,2023-11-20,1,One star is too generous. Caused breakout within days.,True,HydraBoost Daily Moisturizer,Customer_1885,45
REV-6EA353E4,2024-07-28,1,Very disappointed. The discount code didn't apply. Won't buy again.,False,Probiotic Gut Health Capsules,Customer_1647,32
REV-5C50DF8C,2024-01-21,2,One star is too generous. Got generic copy-paste responses.,True,Omega-3 Fish Oil Supplement,Customer_5525,14
REV-F7345B44,2024-05-17,1,DO NOT BUY. Product separated in the bottle. This company doesn't care.,True,HydraBoost Daily Moisturizer,Customer_1078,91
REV-E9045606,2024-02-24,3,Would consider other options next time. It's fine I guess.,False,Radiance Vitamin C Serum,Customer_1554,10
REV-DE28912A,2023-03-17,4,Noticed results in just one week! Shipping was fast too.,True,Probiotic Gut Health Capsules,Customer_5543,50
REV-E53135CF,2024-12-01,4,Love the natural ingredients. Been using for 2 months now.,False,PureGlow Cleansing Balm,Customer_2948,47
REV-EFE313D0,2024-05-04,1,Very disappointed. The charged twice for same order. Won't buy again.,True,PureGlow Cleansing Balm,Customer_3304,13
REV-0D01A733,2024-09-14,5,Love the natural ingredients. Been using for 2 months now.,False,Radiance Vitamin C Serum,Customer_8690,6
REV-C3C1984E,2023-07-30,4,Just received my order and absolutely love this product. Great job!,True,HydraBoost Daily Moisturizer,Customer_6933,45
REV-6CF03013,2024-03-10,4,Just received my order and this brand really cares about customers. Great job!,True,Radiance Vitamin C Serum,Customer_7063,27
REV-34FAFA97,2024-04-04,5,Product works exactly as described! Shipping was fast too.,True,HydraBoost Daily Moisturizer,Customer_1511,10
REV-2F18A0D8,2024-01-19,4,My skin has never looked better! Shipping was fast too.,False,Turmeric Anti-Inflammatory Tablets,Customer_6724,7
REV-EC35A3CF,2024-05-31,1,Auto-renewal happened without warning. I want a refund immediately.,True,Radiance Vitamin C Serum,Customer_2185,74
REV-1B4A0C0D,2023-07-23,1,Very disappointed. The got generic copy-paste responses. Won't buy again.,True,Youth Renewal Night Cream,Customer_1348,37
REV-25E81D14,2023-03-28,2,Very disappointed. The consistency is too thick and greasy. Won't buy again.,True,HydraBoost Daily Moisturizer,Customer_5146,5
REV-A9FBDC94,2024-03-09,5,Great value for money! Shipping was fast too.,True,HydraBoost Daily Moisturizer,Customer_8101,2
REV-0F020988,2023-10-18,4,Great value for money. Been using for 2 months now.,True,Omega-3 Fish Oil Supplement,Customer_3962,14
REV-36D1A0FB,2024-06-17,1,Shipping cost more than the product. I want a refund immediately.,True,HydraBoost Daily Moisturizer,Customer_8059,19
REV-6B2F7181,2023-06-17,2,One star is too generous. Discount code didn't apply.,True,HydraBoost Daily Moisturizer,Customer_1274,43
REV-A1322D1C,2023-10-11,2,The PureGlow Cleansing Balm representative was rude and unhelpful. Very frustrated with this purchase.,False,Collagen Beauty Powder,Customer_2682,0
REV-29083101,2023-02-10,5,The HydraBoost Daily Moisturizer exceeded expectations. Fast shipping and great quality!,False,Collagen Beauty Powder,Customer_9292,35
REV-842AEABE,2023-05-13,4,Absolutely love this product! Shipping was fast too.,True,HydraBoost Daily Moisturizer,Customer_3673,31
REV-BA382A31,2023-03-16,1,The Youth Renewal Night Cream subscription price increased without notice. Very frustrated with this purchase.,True,Turmeric Anti-Inflammatory Tablets,Customer_6677,42
REV-63217299,2023-01-17,3,Works but takes time to see results. It's fine I guess.,True,HydraBoost Daily Moisturizer,Customer_4632,8
REV-FAB4C5B3,2024-10-02,3,Would consider other options next time. It's fine I guess.,True,Turmeric Anti-Inflammatory Tablets,Customer_2937,39
REV-4602F26E,2023-02-15,2,They made cancellation intentionally difficult. I want a refund immediately.,False,Youth Renewal Night Cream,Customer_6623,48
REV-F9B7A739,2024-01-25,5,Just received my order and this brand really cares about customers. Great job!,True,PureGlow Cleansing Balm,Customer_6097,39
REV-3AD13437,2024-11-08,4,I absolutely love this product! The HydraBoost Daily Moisturizer is amazing.,True,Omega-3 Fish Oil Supplement,Customer_3548,23
REV-0DB0B4E0,2023-09-26,1,Ordered the PureGlow Cleansing Balm and caused breakout within days. So angry right now.,True,Collagen Beauty Powder,Customer_8941,38
REV-5E838935,2023-11-18,3,Works but takes time to see results. It's fine I guess.,False,Probiotic Gut Health Capsules,Customer_5644,50
REV-DDB0597F,2023-11-13,1,Very disappointed. The couldn't cancel my subscription. Won't buy again.,True,Youth Renewal Night Cream,Customer_4229,40
REV-5F689787,2024-10-28,2,The Radiance Vitamin C Serum shipping took over 3 weeks. Very frustrated with this purchase.,True,PureGlow Cleansing Balm,Customer_4162,9
REV-74773152,2023-06-11,2,Waste of money. Dropper broke inside the bottle. Customer service was no help.,True,Omega-3 Fish Oil Supplement,Customer_6762,41
REV-F4D4F568,2024-06-26,4,Just received my order and this brand really cares about customers. Great job!,True,Youth Renewal Night Cream,Customer_6691,41
REV-82DBF99E,2023-06-26,4,Fast shipping and great quality. Been using for 2 months now.,True,Radiance Vitamin C Serum,Customer_5821,48
REV-F5529522,2023-06-13,5,The Collagen Beauty Powder exceeded expectations. Customer service was super helpful!,True,PureGlow Cleansing Balm,Customer_4813,17
REV-5388FC8B,2023-03-10,1,The Radiance Vitamin C Serum refund still hasn't processed. Very frustrated with this purchase.,True,PureGlow Cleansing Balm,Customer_1336,55
REV-64A1B2C6,2024-01-22,1,The HydraBoost Daily Moisturizer support said they can't help with this. Very frustrated with this purchase.,True,Turmeric Anti-Inflammatory Tablets,Customer_5624,32
REV-A8580603,2023-11-08,2,Texture changed from previous order. I want a refund immediately.,True,Radiance Vitamin C Serum,Customer_7058,33
REV-C2B9B0E4,2023-01-09,5,My skin has never looked better! Shipping was fast too.,True,HydraBoost Daily Moisturizer,Customer_1147,45
REV-BAC46C7C,2023-11-22,1,The Omega-3 Fish Oil Supplement package arrived damaged. Very frustrated with this purchase.,True,Youth Renewal Night Cream,Customer_2681,13
REV-7CBE9E1C,2024-04-18,4,Fast shipping and great quality! Shipping was fast too.,True,PureGlow Cleansing Balm,Customer_2462,25
REV-DCC5A625,2024-07-08,1,The Collagen Beauty Powder didn't see any results after 3 weeks. Very frustrated with this purchase.,True,Collagen Beauty Powder,Customer_6981,14
REV-DD371411,2024-08-14,5,I packaging was beautiful and secure! The HydraBoost Daily Moisturizer is amazing.,True,Turmeric Anti-Inflammatory Tablets,Customer_3494,9
REV-F7A6CC00,2024-10-22,3,Might work for others but not for me. It's fine I guess.,True,Omega-3 Fish Oil Supplement,Customer_2260,28
REV-9F7DCEB0,2023-10-04,1,One star is too generous. Seal was already broken.,True,Turmeric Anti-Inflammatory Tablets,Customer_5774,11
REV-3EC62319,2023-02-27,4,The Collagen Beauty Powder exceeded expectations. Highly recommend to friends!,True,Turmeric Anti-Inflammatory Tablets,Customer_9373,1
REV-48AEAD98,2024-09-06,5,I product works exactly as described! The Turmeric Anti-Inflammatory Tablets is amazing.,True,Omega-3 Fish Oil Supplement,Customer_2102,5
REV-5D4C5A7B,2023-10-02,3,Average product for the price. It's fine I guess.,True,PureGlow Cleansing Balm,Customer_5886,29
REV-D41C74D7,2024-03-15,2,DO NOT BUY. Agent hung up on me. This company doesn't care.,True,Collagen Beauty Powder,Customer_7185,31
REV-0F944E90,2023-09-11,3,Decent quality but slow shipping. It's fine I guess.,True,HydraBoost Daily Moisturizer,Customer_5376,18
REV-D5830425,2023-01-27,3,It's okay nothing special. It's fine I guess.,False,PureGlow Cleansing Balm,Customer_8650,11
REV-28159E0F,2024-09-08,1,DO NOT BUY. Pump dispenser doesn't work. This company doesn't care.,True,HydraBoost Daily Moisturizer,Customer_2520,9
REV-84F472F8,2023-08-30,1,Terrible experience. Refund still hasn't processed. Avoid this product.,True,Youth Renewal Night Cream,Customer_3432,36
REV-4FBABCE8,2023-11-09,4,The Probiotic Gut Health Capsules exceeded expectations. Great value for money!,True,Youth Renewal Night Cream,Customer_7191,29
REV-2A0EBECB,2024-03-13,5,Highly recommend to friends. Been using for 2 months now.,True,Youth Renewal Night Cream,Customer_2827,11
REV-9D017383,2024-03-16,2,DO NOT BUY. Delivery was delayed by 2 weeks. This company doesn't care.,True,Turmeric Anti-Inflammatory Tablets,Customer_7951,3
REV-5890361D,2024-02-12,3,Average product for the price. It's fine I guess.,True,HydraBoost Daily Moisturizer,Customer_1635,18
REV-8108CB07,2024-11-15,4,Gentle on sensitive skin. Been using for 2 months now.,True,PureGlow Cleansing Balm,Customer_4418,43
REV-B486FC94,2024-01-01,4,The Omega-3 Fish Oil Supplement exceeded expectations. Best purchase i've made this year!,True,Collagen Beauty Powder,Customer_9425,29
REV-8DBB9586,2023-03-23,2,Ordered the Radiance Vitamin C Serum and got generic copy-paste responses. So angry right now.,True,Youth Renewal Night Cream,Customer_1369,33
REV-083406C2,2024-07-05,4,My skin has never looked better. Been using for 2 months now.,True,Radiance Vitamin C Serum,Customer_4268,41
REV-7F13D4EF,2023-07-29,1,Seal was already broken. I want a refund immediately.,True,Omega-3 Fish Oil Supplement,Customer_7019,12
REV-08E19D22,2024-09-12,4,Great value for money! Shipping was fast too.,True,Youth Renewal Night Cream,Customer_6095,24
REV-3C030F84,2024-06-14,3,Does what it says but slowly. It's fine I guess.,False,Youth Renewal Night Cream,Customer_1179,46
REV-8C4868B5,2023-01-27,5,Love the natural ingredients. Been using for 2 months now.,True,Radiance Vitamin C Serum,Customer_8012,32
REV-28E40879,2024-06-27,5,Just received my order and product works exactly as described. Great job!,True,HydraBoost Daily Moisturizer,Customer_9343,18
REV-F75BA4BC,2024-08-26,5,Just received my order and will definitely repurchase. Great job!,True,Radiance Vitamin C Serum,Customer_4866,46
REV-901841DB,2024-08-23,3,Would consider other options next time. It's fine I guess.,False,Youth Renewal Night Cream,Customer_3436,44
REV-DC2FF4C2,2024-04-18,4,Gentle on sensitive skin. Been using for 2 months now.,False,Probiotic Gut Health Capsules,Customer_4482,18
REV-58C04A3B,2023-06-30,4,The Omega-3 Fish Oil Supplement exceeded expectations. This brand really cares about customers!,False,Omega-3 Fish Oil Supplement,Customer_4684,46
REV-50EDC422,2023-10-22,2,The Turmeric Anti-Inflammatory Tablets support never responded to my email. Very frustrated with this purchase.,True,HydraBoost Daily Moisturizer,Customer_4674,29
REV-17168E4A,2024-06-08,5,My skin has never looked better. Been using for 2 months now.,True,Radiance Vitamin C Serum,Customer_8213,34
REV-B24E7D5F,2023-03-13,2,Waste of money. They ignored my refund request. Customer service was no help.,True,PureGlow Cleansing Balm,Customer_2185,44
REV-61631C0A,2023-12-10,5,Product works exactly as described! Shipping was fast too.,True,Radiance Vitamin C Serum,Customer_2576,41
REV-C247A7E8,2024-10-27,4,I best purchase I've made this year! The Radiance Vitamin C Serum is amazing.,True,Turmeric Anti-Inflammatory Tablets,Customer_4752,26
REV-54A92C53,2023-12-01,1,Terrible experience. Charged twice for same order. Avoid this product.,True,Omega-3 Fish Oil Supplement,Customer_3833,25
REV-4650758B,2023-06-20,4,I will definitely repurchase! The Omega-3 Fish Oil Supplement is amazing.,False,Probiotic Gut Health Capsules,Customer_6579,3
REV-49BCF33F,2023-11-30,5,The HydraBoost Daily Moisturizer exceeded expectations. Love the natural ingredients!,True,Radiance Vitamin C Serum,Customer_4705,45
REV-72377BA9,2023-05-14,2,One star is too generous. Bottle leaked all over the box.,True,Collagen Beauty Powder,Customer_5595,47
REV-0B6C65E9,2024-08-31,1,One star is too generous. Consistency is too thick and greasy.,True,Radiance Vitamin C Serum,Customer_5173,21
REV-0E21F2CA,2023-11-20,4,Gentle on sensitive skin! Shipping was fast too.,True,Youth Renewal Night Cream,Customer_2356,23
REV-E2B81BC2,2024-07-02,5,I love the natural ingredients! The Omega-3 Fish Oil Supplement is amazing.,True,Turmeric Anti-Inflammatory Tablets,Customer_3282,18
REV-0921B1D4,2024-11-12,1,Very disappointed. The packaging looks cheap for the price. Won't buy again.,True,PureGlow Cleansing Balm,Customer_9156,65
REV-D28393DC,2024-10-08,4,Customer service was super helpful. Been using for 2 months now.,True,PureGlow Cleansing Balm,Customer_8685,5
REV-93C27CD8,2024-10-02,2,Waste of money. Charged after i cancelled. Customer service was no help.,True,HydraBoost Daily Moisturizer,Customer_9608,29
REV-1167207B,2024-07-23,5,The Turmeric Anti-Inflammatory Tablets exceeded expectations. Fast shipping and great quality!,True,Collagen Beauty Powder,Customer_2219,16
REV-BD913BF9,2024-10-06,3,Does what it says but slowly. It's fine I guess.,False,Probiotic Gut Health Capsules,Customer_7081,41
REV-C58F6B6F,2023-10-25,2,One star is too generous. Texture changed from previous order.,False,Collagen Beauty Powder,Customer_5720,46
REV-8A1F3D34,2023-08-21,3,It's okay nothing special. It's fine I guess.,True,Omega-3 Fish Oil Supplement,Customer_3156,18
REV-C2C84FDA,2023-02-09,5,Exceeded my expectations. Been using for 2 months now.,True,Youth Renewal Night Cream,Customer_3215,31
REV-D7A7535C,2024-11-22,5,My skin has never looked better. Been using for 2 months now.,True,PureGlow Cleansing Balm,Customer_6191,31
REV-F159EF92,2024-05-28,1,DO NOT BUY. Got generic copy-paste responses. This company doesn't care.,True,PureGlow Cleansing Balm,Customer_7502,65
REV-E7D2EBE5,2024-09-06,2,One star is too generous. Pump dispenser doesn't work.,True,Turmeric Anti-Inflammatory Tablets,Customer_8515,0
REV-EB2CA1EA,2023-12-26,5,Gentle on sensitive skin! Shipping was fast too.,True,Omega-3 Fish Oil Supplement,Customer_3615,21
REV-B8FF25DA,2024-07-08,4,I gentle on sensitive skin! The Youth Renewal Night Cream is amazing.,True,Probiotic Gut Health Capsules,Customer_3150,0
REV-8DE7AACB,2024-08-03,4,I noticed results in just one week! The PureGlow Cleansing Balm is amazing.,True,PureGlow Cleansing Balm,Customer_7030,26
REV-2745638F,2024-07-18,5,Product works exactly as described. Been using for 2 months now.,True,Probiotic Gut Health Capsules,Customer_7045,13
REV-FD88783A,2024-09-03,5,The Youth Renewal Night Cream exceeded expectations. Exceeded my expectations!,True,Omega-3 Fish Oil Supplement,Customer_9255,22
REV-A3164276,2023-08-31,5,Just received my order and this brand really cares about customers. Great job!,True,Omega-3 Fish Oil Supplement,Customer_5052,1
REV-B2FFDE63,2023-04-26,1,Terrible experience. Product separated in the bottle. Avoid this product.,True,Collagen Beauty Powder,Customer_2679,82
REV-AF034C65,2023-10-26,3,Works but takes time to see results. It's fine I guess.,True,HydraBoost Daily Moisturizer,Customer_4344,0
REV-031A219A,2023-11-13,4,The Turmeric Anti-Inflammatory Tablets exceeded expectations. Great value for money!,True,Turmeric Anti-Inflammatory Tablets,Customer_8186,24
REV-7E2E9476,2023-10-24,4,Customer service was super helpful! Shipping was fast too.,True,Probiotic Gut Health Capsules,Customer_2718,17
REV-3A391AAD,2024-07-30,3,Not bad but not amazing either. It's fine I guess.,True,Radiance Vitamin C Serum,Customer_1740,48
REV-7AA47B1F,2024-09-14,3,Works but takes time to see results. It's fine I guess.,True,Youth Renewal Night Cream,Customer_5102,36
REV-F62EBBBB,2023-05-12,2,Ordered the HydraBoost Daily Moisturizer and pump broke after first use. So angry right now.,True,Youth Renewal Night Cream,Customer_6487,21
REV-EF84E5F9,2023-10-30,5,My skin has never looked better! Shipping was fast too.,True,Omega-3 Fish Oil Supplement,Customer_9209,7
REV-809C84AE,2024-07-08,5,I this brand really cares about customers! The Omega-3 Fish Oil Supplement is amazing.,True,Youth Renewal Night Cream,Customer_3105,36
REV-99777AFC,2023-12-06,1,Waste of money. Smells rancid like old oil. Customer service was no help.,True,Youth Renewal Night Cream,Customer_1741,98
REV-D4251903,2023-12-24,2,Very disappointed. The pump dispenser doesn't work. Won't buy again.,True,Radiance Vitamin C Serum,Customer_7343,34
REV-0F187B73,2024-10-07,2,Waste of money. Consistency is too thick and greasy. Customer service was no help.,True,HydraBoost Daily Moisturizer,Customer_5473,17
REV-FDA9B713,2023-03-09,1,Waste of money. Charged twice for same order. Customer service was no help.,True,Collagen Beauty Powder,Customer_5675,6
REV-8B57C7F0,2024-06-03,5,Noticed results in just one week. Been using for 2 months now.,True,Omega-3 Fish Oil Supplement,Customer_6856,28
REV-F0FD1BFC,2024-10-05,4,I customer service was super helpful! The PureGlow Cleansing Balm is amazing.,True,Turmeric Anti-Inflammatory Tablets,Customer_3342,29
REV-48C8E2D0,2023-10-01,2,Terrible experience. Charged twice for same order. Avoid this product.,True,Turmeric Anti-Inflammatory Tablets,Customer_9110,50
REV-7EC7C0C5,2023-11-10,4,I product works exactly as described! The PureGlow Cleansing Balm is amazing.,True,HydraBoost Daily Moisturizer,Customer_2420,7
REV-2C78B36E,2023-09-17,5,The Collagen Beauty Powder exceeded expectations. Best purchase i've made this year!,False,Omega-3 Fish Oil Supplement,Customer_3181,11
REV-B8EA17FB,2023-05-18,1,Terrible experience. Got generic copy-paste responses. Avoid this product.,True,Radiance Vitamin C Serum,Customer_8303,99
REV-353DC942,2023-07-10,5,Highly recommend to friends! Shipping was fast too.,False,Youth Renewal Night Cream,Customer_2301,43
REV-BF72FFC7,2023-09-25,5,I customer service was super helpful! The HydraBoost Daily Moisturizer is amazing.,True,PureGlow Cleansing Balm,Customer_7117,25
REV-DADCA60B,2024-11-29,2,Very disappointed. The customs held my order for a month. Won't buy again.,True,Probiotic Gut Health Capsules,Customer_1879,12
REV-54605C3E,2023-03-22,3,Works but takes time to see results. It's fine I guess.,False,Turmeric Anti-Inflammatory Tablets,Customer_9417,40
REV-42C7E2FC,2024-03-07,5,Love the natural ingredients. Been using for 2 months now.,True,Omega-3 Fish Oil Supplement,Customer_7563,4
REV-93EDE326,2023-05-06,4,Just received my order and love the natural ingredients. Great job!,True,Turmeric Anti-Inflammatory Tablets,Customer_4595,15
REV-6E713E3C,2024-06-20,2,DO NOT BUY. Bottle was only half full. This company doesn't care.,False,Probiotic Gut Health Capsules,Customer_6832,45
REV-D7E537BF,2023-08-03,4,I my skin has never looked better! The Youth Renewal Night Cream is amazing.,True,Omega-3 Fish Oil Supplement,Customer_2906,29
REV-17E2455E,2023-09-10,2,The Youth Renewal Night Cream discount code didn't apply. Very frustrated with this purchase.,False,HydraBoost Daily Moisturizer,Customer_9602,5
REV-3D607C07,2023-06-18,1,Waste of money. Bottle was only half full. Customer service was no help.,True,Youth Renewal Night Cream,Customer_5239,96
REV-E3AE7826,2023-12-25,4,Product works exactly as described. Been using for 2 months now.,True,PureGlow Cleansing Balm,Customer_1704,37
REV-6A988868,2024-09-18,5,Just received my order and exceeded my expectations. Great job!,True,PureGlow Cleansing Balm,Customer_4893,40
REV-292E773C,2024-10-02,5,I great value for money! The Omega-3 Fish Oil Supplement is amazing.,False,Youth Renewal Night Cream,Customer_4098,10
REV-73C4213C,2023-05-21,2,Terrible experience. Support said they can't help with this. Avoid this product.,True,Collagen Beauty Powder,Customer_5312,19
REV-7335509B,2023-08-19,1,One star is too generous. Dropper broke inside the bottle.,True,Collagen Beauty Powder,Customer_7311,51
REV-132B694F,2024-03-28,4,Product works exactly as described! Shipping was fast too.,True,Radiance Vitamin C Serum,Customer_8341,49
REV-FF8D5D82,2023-02-18,2,One star is too generous. Shipping took over 3 weeks.,True,PureGlow Cleansing Balm,Customer_7544,17
REV-28FBE939,2024-05-09,2,DO NOT BUY. Bottle leaked all over the box. This company doesn't care.,True,HydraBoost Daily Moisturizer,Customer_3836,19
REV-4F4C9EC1,2024-04-14,5,I this brand really cares about customers! The Collagen Beauty Powder is amazing.,True,HydraBoost Daily Moisturizer,Customer_7725,6
REV-898C71C4,2024-12-10,3,Not bad but not amazing either. It's fine I guess.,True,Turmeric Anti-Inflammatory Tablets,Customer_6394,41
REV-985330B3,2023-05-15,4,The Omega-3 Fish Oil Supplement exceeded expectations. Absolutely love this product!,False,Radiance Vitamin C Serum,Customer_3238,38
REV-4B5C2090,2023-08-26,5,I highly recommend to friends! The PureGlow Cleansing Balm is amazing.,True,Turmeric Anti-Inflammatory Tablets,Customer_1225,32
REV-BEFFDF74,2024-12-09,5,Just received my order and my skin has never looked better. Great job!,True,Collagen Beauty Powder,Customer_1313,34
REV-93F8E3F2,2024-08-28,4,Great value for money. Been using for 2 months now.,True,Probiotic Gut Health Capsules,Customer_3292,42
REV-82DA6F88,2024-08-23,2,DO NOT BUY. Consistency is too thick and greasy. This company doesn't care.,True,Collagen Beauty Powder,Customer_6425,26
REV-16467085,2023-04-20,5,Noticed results in just one week. Been using for 2 months now.,True,Radiance Vitamin C Serum,Customer_5982,6
REV-F49E7716,2023-07-18,3,Average product for the price. It's fine I guess.,True,Probiotic Gut Health Capsules,Customer_6014,8
REV-753BEC53,2023-09-13,2,Very disappointed. The got generic copy-paste responses. Won't buy again.,True,Collagen Beauty Powder,Customer_1453,10
REV-D8F5341D,2024-06-30,3,Average product for the price. It's fine I guess.,True,Probiotic Gut Health Capsules,Customer_5923,40
REV-14F2656D,2024-04-07,4,The Collagen Beauty Powder exceeded expectations. Best purchase i've made this year!,False,HydraBoost Daily Moisturizer,Customer_4158,25
REV-7EFF8C55,2023-09-28,5,Just received my order and customer service was super helpful. Great job!,True,Collagen Beauty Powder,Customer_9136,36
REV-8E31BC15,2024-07-26,5,Packaging was beautiful and secure. Been using for 2 months now.,True,Collagen Beauty Powder,Customer_4220,37
REV-B3CA1661,2023-01-09,5,Packaging was beautiful and secure. Been using for 2 months now.,True,Youth Renewal Night Cream,Customer_3647,2
REV-73418849,2024-07-25,2,Terrible experience. Support said they can't help with this. Avoid this product.,True,Turmeric Anti-Inflammatory Tablets,Customer_7230,31
REV-7A4B6AB1,2023-10-19,4,I customer service was super helpful! The HydraBoost Daily Moisturizer is amazing.,True,Youth Renewal Night Cream,Customer_3386,29
REV-E6DAC1D6,2024-02-18,5,Gentle on sensitive skin. Been using for 2 months now.,True,PureGlow Cleansing Balm,Customer_4454,4
REV-E702E08D,2023-07-22,1,One star is too generous. Jar arrived cracked.,True,HydraBoost Daily Moisturizer,Customer_9241,2
REV-93C7E365,2023-09-07,3,Does what it says but slowly. It's fine I guess.,True,Turmeric Anti-Inflammatory Tablets,Customer_9077,37
REV-B0B875E5,2024-10-22,1,Waste of money. Subscription price increased without notice. Customer service was no help.,False,HydraBoost Daily Moisturizer,Customer_2732,79
REV-E6834DF0,2023-01-26,3,Not bad but not amazing either. It's fine I guess.,True,Turmeric Anti-Inflammatory Tablets,Customer_7541,23
REV-D5A8454F,2023-03-23,5,The HydraBoost Daily Moisturizer exceeded expectations. Exceeded my expectations!,True,PureGlow Cleansing Balm,Customer_5009,42
REV-F42F23FB,2023-02-28,2,Waste of money. Discount code didn't apply. Customer service was no help.,True,Radiance Vitamin C Serum,Customer_6091,43
REV-60B58F64,2023-09-29,2,The Collagen Beauty Powder texture changed from previous order. Very frustrated with this purchase.,True,PureGlow Cleansing Balm,Customer_1958,5
REV-12376C5B,2023-06-21,5,Just received my order and highly recommend to friends. Great job!,True,Youth Renewal Night Cream,Customer_4728,23
REV-B4287E1D,2024-06-26,4,Just received my order and highly recommend to friends. Great job!,True,Probiotic Gut Health Capsules,Customer_3564,1
REV-407B514F,2023-11-26,5,Just received my order and love the natural ingredients. Great job!,True,PureGlow Cleansing Balm,Customer_2295,38
REV-3EC0E965,2024-08-22,5,I product works exactly as described! The Radiance Vitamin C Serum is amazing.,True,HydraBoost Daily Moisturizer,Customer_9009,36
REV-40C0F5D9,2024-05-06,1,Very disappointed. The pump dispenser doesn't work. Won't buy again.,True,Turmeric Anti-Inflammatory Tablets,Customer_3708,89
REV-D10C7F99,2024-12-22,2,Terrible experience. Support said they can't help with this. Avoid this product.,True,Radiance Vitamin C Serum,Customer_1217,12
REV-3F30DC53,2024-11-11,1,Waste of money. Smells rancid like old oil. Customer service was no help.,True,Collagen Beauty Powder,Customer_3702,39
REV-A930C1A4,2023-10-30,2,Very disappointed. The smells rancid like old oil. Won't buy again.,True,Turmeric Anti-Inflammatory Tablets,Customer_7840,29
REV-5D004642,2023-11-22,3,Not bad but not amazing either. It's fine I guess.,True,Collagen Beauty Powder,Customer_4276,38
REV-0F877A38,2024-03-01,4,I highly recommend to friends! The Youth Renewal Night Cream is amazing.,True,Omega-3 Fish Oil Supplement,Customer_3739,10
REV-2208C8CA,2024-04-29,2,Very disappointed. The package arrived damaged. Won't buy again.,True,HydraBoost Daily Moisturizer,Customer_2377,21
REV-6AFA30AF,2023-07-24,2,DO NOT BUY. Delivery was delayed by 2 weeks. This company doesn't care.,True,Youth Renewal Night Cream,Customer_4037,14
REV-13F3B7AA,2024-09-22,2,Waste of money. Hidden fees appeared at checkout. Customer service was no help.,True,Omega-3 Fish Oil Supplement,Customer_1692,47
REV-595285FC,2024-10-04,5,I will definitely repurchase! The Youth Renewal Night Cream is amazing.,True,Probiotic Gut Health Capsules,Customer_6022,21
REV-57EB9E35,2024-01-11,2,DO NOT BUY. Label peeled off immediately. This company doesn't care.,True,Omega-3 Fish Oil Supplement,Customer_2349,28
REV-B8BE52DF,2023-11-28,3,It's okay nothing special. It's fine I guess.,True,Probiotic Gut Health Capsules,Customer_6550,48
REV-D463809C,2024-03-01,4,Best purchase i've made this year! Shipping was fast too.,True,Turmeric Anti-Inflammatory Tablets,Customer_5398,13
REV-57B7D613,2023-10-20,2,The Omega-3 Fish Oil Supplement nobody answered my phone call. Very frustrated with this purchase.,True,Radiance Vitamin C Serum,Customer_5016,12
REV-4F254F48,2024-04-26,1,One star is too generous. Subscription price increased without notice.,True,Youth Renewal Night Cream,Customer_2083,70
REV-55D6A900,2023-07-07,3,Would consider other options next time. It's fine I guess.,True,Collagen Beauty Powder,Customer_6104,12
REV-9060199B,2024-07-02,5,This brand really cares about customers! Shipping was fast too.,True,Probiotic Gut Health Capsules,Customer_9432,25
REV-24820609,2023-02-17,2,One star is too generous. Packaging looks cheap for the price.,True,HydraBoost Daily Moisturizer,Customer_8307,42
REV-3DB5F9F6,2023-07-15,2,Very disappointed. The seal was already broken. Won't buy again.,True,PureGlow Cleansing Balm,Customer_8408,25
REV-F599911F,2023-10-06,1,Ordered the PureGlow Cleansing Balm and refund still hasn't processed. So angry right now.,False,Radiance Vitamin C Serum,Customer_6528,19
REV-87E672B2,2024-06-20,4,Noticed results in just one week! Shipping was fast too.,True,Turmeric Anti-Inflammatory Tablets,Customer_1080,30
REV-7D381A85,2024-08-28,2,The HydraBoost Daily Moisturizer discount code didn't apply. Very frustrated with this purchase.,True,Turmeric Anti-Inflammatory Tablets,Customer_4921,37
REV-4AD9B050,2023-01-22,1,Terrible experience. Caused allergic reaction on my neck. Avoid this product.,True,HydraBoost Daily Moisturizer,Customer_8368,57
REV-64B5C2DA,2023-01-20,5,Exceeded my expectations. Been using for 2 months now.,True,Radiance Vitamin C Serum,Customer_7862,26
REV-2936466B,2023-02-08,5,The Turmeric Anti-Inflammatory Tablets exceeded expectations. Noticed results in just one week!,True,Youth Renewal Night Cream,Customer_8842,22
REV-078E16FB,2023-11-26,2,One star is too generous. Charged after i cancelled.,True,Collagen Beauty Powder,Customer_4658,19
REV-C609C748,2024-05-19,3,Might work for others but not for me. It's fine I guess.,True,HydraBoost Daily Moisturizer,Customer_1764,10
REV-1ABE3BA7,2024-02-19,5,I highly recommend to friends! The Radiance Vitamin C Serum is amazing.,True,Collagen Beauty Powder,Customer_3303,35
REV-E133BC4C,2024-01-10,2,Ordered the Turmeric Anti-Inflammatory Tablets and seal was already broken. So angry right now.,True,PureGlow Cleansing Balm,Customer_5394,36
REV-7861FF07,2023-06-22,4,The Youth Renewal Night Cream exceeded expectations. Packaging was beautiful and secure!,True,Collagen Beauty Powder,Customer_5367,49
REV-5008B331,2023-10-10,2,One star is too generous. Discount code didn't apply.,True,PureGlow Cleansing Balm,Customer_2959,3
REV-E0C10D49,2024-09-28,1,DO NOT BUY. Shipping cost more than the product. This company doesn't care.,True,Probiotic Gut Health Capsules,Customer_6910,69
REV-FD88AF59,2023-03-16,5,Product works exactly as described! Shipping was fast too.,True,HydraBoost Daily Moisturizer,Customer_4164,18
REV-DCDCC3F6,2024-01-15,5,Just received my order and great value for money. Great job!,True,Turmeric Anti-Inflammatory Tablets,Customer_7653,43
REV-35E52FCB,2023-02-17,5,The Probiotic Gut Health Capsules exceeded expectations. This brand really cares about customers!,True,PureGlow Cleansing Balm,Customer_8888,13
REV-5B0D204A,2024-06-17,5,Will definitely repurchase! Shipping was fast too.,True,PureGlow Cleansing Balm,Customer_5311,4
REV-73CDEF83,2023-11-19,3,Not bad but not amazing either. It's fine I guess.,True,PureGlow Cleansing Balm,Customer_9760,34
REV-A8EAE26E,2023-04-02,1,DO NOT BUY. Didn't see any results after 3 weeks. This company doesn't care.,True,HydraBoost Daily Moisturizer,Customer_5269,44
REV-2133ECFD,2024-02-10,2,The HydraBoost Daily Moisturizer box arrived crushed. Very frustrated with this purchase.,True,Turmeric Anti-Inflammatory Tablets,Customer_7751,10
REV-68006B05,2023-06-05,5,The Turmeric Anti-Inflammatory Tablets exceeded expectations. Great value for money!,True,HydraBoost Daily Moisturizer,Customer_5208,43
REV-D4199221,2024-03-12,4,My skin has never looked better! Shipping was fast too.,False,Collagen Beauty Powder,Customer_8374,11
REV-02061BA1,2023-05-08,4,Love the natural ingredients. Been using for 2 months now.,True,Omega-3 Fish Oil Supplement,Customer_1637,10
REV-8D68F5B4,2024-12-08,1,Terrible experience. Smells rancid like old oil. Avoid this product.,True,Turmeric Anti-Inflammatory Tablets,Customer_3918,74
REV-C098DFCA,2023-10-24,4,Packaging was beautiful and secure. Been using for 2 months now.,True,PureGlow Cleansing Balm,Customer_7399,4
REV-D29B70FE,2023-07-27,1,One star is too generous. Pump dispenser doesn't work.,True,Youth Renewal Night Cream,Customer_7660,5
REV-4DDAB5FE,2024-03-04,3,Works but takes time to see results. It's fine I guess.,True,PureGlow Cleansing Balm,Customer_4202,2
REV-02CF2EA2,2024-04-09,1,One star is too generous. Box arrived crushed.,True,Collagen Beauty Powder,Customer_3138,28
REV-5EC0FD64,2024-01-22,2,Hard to find cancel button. I want a refund immediately.,True,Collagen Beauty Powder,Customer_5275,47
REV-569BC53B,2024-09-10,3,Might work for others but not for me. It's fine I guess.,True,Omega-3 Fish Oil Supplement,Customer_2679,48
REV-F3967A81,2023-03-15,2,Very disappointed. The no protective packaging at all. Won't buy again.,False,Probiotic Gut Health Capsules,Customer_2081,0
REV-C4B95529,2023-03-22,4,I my skin has never looked better! The HydraBoost Daily Moisturizer is amazing.,True,Collagen Beauty Powder,Customer_6817,12
REV-731CBDE8,2024-02-29,4,Absolutely love this product. Been using for 2 months now.,True,Probiotic Gut Health Capsules,Customer_7661,36
REV-AD639C20,2023-12-20,5,Packaging was beautiful and secure! Shipping was fast too.,False,Omega-3 Fish Oil Supplement,Customer_4733,4
REV-74C96D43,2024-01-26,1,Very disappointed. The subscription price increased without notice. Won't buy again.,True,Omega-3 Fish Oil Supplement,Customer_4627,15
REV-E4097DB3,2024-07-09,4,Will definitely repurchase. Been using for 2 months now.,True,Turmeric Anti-Inflammatory Tablets,Customer_1023,40
REV-DEDCEDFE,2024-04-06,3,Decent quality but slow shipping. It's fine I guess.,True,Radiance Vitamin C Serum,Customer_1140,49
REV-BDFB1B8F,2024-04-28,1,DO NOT BUY. Support said they can't help with this. This company doesn't care.,True,Turmeric Anti-Inflammatory Tablets,Customer_2786,12
REV-9BFAED0B,2023-11-04,5,Packaging was beautiful and secure. Been using for 2 months now.,False,Omega-3 Fish Oil Supplement,Customer_6514,46
REV-BE346DF7,2023-04-22,3,Would consider other options next time. It's fine I guess.,True,HydraBoost Daily Moisturizer,Customer_9471,21
REV-9BFA192B,2024-08-28,1,Label peeled off immediately. I want a refund immediately.,True,Probiotic Gut Health Capsules,Customer_1167,99
REV-D279D3CB,2023-12-22,5,Just received my order and best purchase I've made this year. Great job!,True,Omega-3 Fish Oil Supplement,Customer_3257,8
REV-6439860A,2023-09-20,1,One star is too generous. Hard to find cancel button.,True,Radiance Vitamin C Serum,Customer_2614,28
REV-1E05ADFA,2023-12-19,2,Ordered the Radiance Vitamin C Serum and chat bot kept looping without solution. So angry right now.,True,Omega-3 Fish Oil Supplement,Customer_5011,10
REV-DB54DFB9,2024-06-06,3,Works but takes time to see results. It's fine I guess.,True,Probiotic Gut Health Capsules,Customer_1627,37
REV-28B77CBE,2024-02-01,2,Terrible experience. Took 2 weeks to get a response. Avoid this product.,True,Omega-3 Fish Oil Supplement,Customer_7392,33
REV-13D8A810,2024-03-09,5,I packaging was beautiful and secure! The Probiotic Gut Health Capsules is amazing.,True,Omega-3 Fish Oil Supplement,Customer_3816,48
REV-C2805A0F,2024-12-11,5,I fast shipping and great quality! The Omega-3 Fish Oil Supplement is amazing.,True,Radiance Vitamin C Serum,Customer_6106,4
REV-B5A3BB7D,2023-02-07,2,The Turmeric Anti-Inflammatory Tablets pump dispenser doesn't work. Very frustrated with this purchase.,True,Collagen Beauty Powder,Customer_5020,36
REV-9CD7AAB2,2023-02-13,1,Terrible experience. Box arrived crushed. Avoid this product.,True,Radiance Vitamin C Serum,Customer_2381,35
REV-BADA2D0F,2024-02-15,1,Terrible experience. Packaging looks cheap for the price. Avoid this product.,True,PureGlow Cleansing Balm,Customer_6636,51
REV-E31CF145,2024-07-18,5,I my skin has never looked better! The Probiotic Gut Health Capsules is amazing.,True,PureGlow Cleansing Balm,Customer_3967,16
REV-8CE0E5BF,2023-04-29,3,Might work for others but not for me. It's fine I guess.,True,Turmeric Anti-Inflammatory Tablets,Customer_8931,49
REV-3C8155FF,2023-08-23,4,Will definitely repurchase. Been using for 2 months now.,True,HydraBoost Daily Moisturizer,Customer_1834,27
REV-279ED635,2023-09-04,3,It's okay nothing special. It's fine I guess.,True,Probiotic Gut Health Capsules,Customer_7096,17
REV-F593CCB8,2024-01-28,2,Got generic copy-paste responses. I want a refund immediately.,True,Omega-3 Fish Oil Supplement,Customer_4542,36
REV-1AC333E0,2024-01-13,4,Noticed results in just one week! Shipping was fast too.,True,Turmeric Anti-Inflammatory Tablets,Customer_8590,39
REV-941B3444,2024-03-12,3,Would consider other options next time. It's fine I guess.,True,PureGlow Cleansing Balm,Customer_7427,10
REV-F92B527F,2023-05-03,5,Customer service was super helpful. Been using for 2 months now.,True,Radiance Vitamin C Serum,Customer_2796,37
REV-7CA4ECE6,2023-01-19,3,Would consider other options next time. It's fine I guess.,True,Turmeric Anti-Inflammatory Tablets,Customer_5205,36
REV-EF5A8A2A,2023-12-25,3,Would consider other options next time. It's fine I guess.,True,Probiotic Gut Health Capsules,Customer_3411,47
REV-6AD5E4ED,2024-04-14,5,Gentle on sensitive skin! Shipping was fast too.,False,Turmeric Anti-Inflammatory Tablets,Customer_7013,22
REV-EF1B09FF,2024-03-27,3,Average product for the price. It's fine I guess.,True,PureGlow Cleansing Balm,Customer_8435,30
REV-449B1E66,2023-04-15,5,The HydraBoost Daily Moisturizer exceeded expectations. Noticed results in just one week!,True,Probiotic Gut Health Capsules,Customer_4983,11
REV-06B160AD,2023-07-02,4,Absolutely love this product. Been using for 2 months now.,True,HydraBoost Daily Moisturizer,Customer_7138,14
REV-348363AE,2023-01-29,2,One star is too generous. Pump broke after first use.,True,Turmeric Anti-Inflammatory Tablets,Customer_4843,19
REV-85F81F2B,2023-01-22,4,Noticed results in just one week! Shipping was fast too.,True,Radiance Vitamin C Serum,Customer_4743,49
REV-81A219C1,2024-02-23,5,Just received my order and best purchase I've made this year. Great job!,False,Collagen Beauty Powder,Customer_6804,1
REV-7B723C78,2023-04-13,2,Very disappointed. The smells rancid like old oil. Won't buy again.,True,PureGlow Cleansing Balm,Customer_4815,38
REV-FD9E6276,2023-08-17,1,The Probiotic Gut Health Capsules took 2 weeks to get a response. Very frustrated with this purchase.,True,PureGlow Cleansing Balm,Customer_7116,35
REV-C5660F18,2023-03-04,2,One star is too generous. Delivery was delayed by 2 weeks.,False,Youth Renewal Night Cream,Customer_9599,14
REV-91D4620E,2024-10-03,5,Product works exactly as described. Been using for 2 months now.,True,Probiotic Gut Health Capsules,Customer_4478,35
REV-A1A7199E,2023-09-05,2,One star is too generous. Charged after i cancelled.,True,Omega-3 Fish Oil Supplement,Customer_5154,9
REV-026736C8,2024-08-17,4,The Omega-3 Fish Oil Supplement exceeded expectations. Packaging was beautiful and secure!,False,Probiotic Gut Health Capsules,Customer_2162,29
REV-B25B3B6B,2023-11-02,5,I product works exactly as described! The HydraBoost Daily Moisturizer is amazing.,True,Omega-3 Fish Oil Supplement,Customer_5289,44
REV-CC752037,2023-05-16,3,Decent quality but slow shipping. It's fine I guess.,True,HydraBoost Daily Moisturizer,Customer_5935,13
REV-748934D3,2023-09-15,5,Just received my order and great value for money. Great job!,True,Omega-3 Fish Oil Supplement,Customer_3349,9
REV-A61E5C3A,2024-01-03,3,Does what it says but slowly. It's fine I guess.,True,Youth Renewal Night Cream,Customer_7506,27
REV-ACE62C3B,2023-10-23,1,Ordered the Collagen Beauty Powder and bottle was only half full. So angry right now.,True,HydraBoost Daily Moisturizer,Customer_7657,52
REV-39C89715,2024-02-11,2,Very disappointed. The they ignored my refund request. Won't buy again.,True,Youth Renewal Night Cream,Customer_6260,47
REV-59CF5309,2023-03-04,4,Customer service was super helpful! Shipping was fast too.,False,Probiotic Gut Health Capsules,Customer_5677,29
REV-C4A721B8,2024-02-28,5,The Youth Renewal Night Cream exceeded expectations. Exceeded my expectations!,False,Youth Renewal Night Cream,Customer_4157,38
REV-C3464A69,2024-01-08,1,Waste of money. Carrier lost my package twice. Customer service was no help.,True,Collagen Beauty Powder,Customer_4933,7
REV-8EA174A5,2024-04-23,3,It's okay nothing special. It's fine I guess.,True,PureGlow Cleansing Balm,Customer_4820,17
REV-46682A64,2023-05-31,2,DO NOT BUY. Hidden fees appeared at checkout. This company doesn't care.,True,Probiotic Gut Health Capsules,Customer_9066,13
REV-30AB031E,2023-09-30,1,The HydraBoost Daily Moisturizer they ignored my refund request. Very frustrated with this purchase.,True,Youth Renewal Night Cream,Customer_4178,42
REV-F13280C2,2023-04-07,1,Ordered the PureGlow Cleansing Balm and hard to find cancel button. So angry right now.,False,HydraBoost Daily Moisturizer,Customer_8983,91
REV-A20B8526,2024-09-20,4,I fast shipping and great quality! The Probiotic Gut Health Capsules is amazing.,True,PureGlow Cleansing Balm,Customer_3352,29
REV-EF47BBB4,2024-11-29,2,Ordered the HydraBoost Daily Moisturizer and seal was already broken. So angry right now.,False,PureGlow Cleansing Balm,Customer_7301,2
REV-41B17C06,2024-09-24,4,Just received my order and exceeded my expectations. Great job!,True,PureGlow Cleansing Balm,Customer_6713,20
REV-2272278C,2023-01-24,2,Ordered the PureGlow Cleansing Balm and consistency is too thick and greasy. So angry right now.,True,Collagen Beauty Powder,Customer_9988,30
REV-84B1CCC8,2023-05-19,5,Customer service was super helpful! Shipping was fast too.,True,Collagen Beauty Powder,Customer_7347,22
REV-6434CC63,2024-06-26,3,Not bad but not amazing either. It's fine I guess.,True,PureGlow Cleansing Balm,Customer_6377,14
REV-CDCFC608,2024-06-09,4,Love the natural ingredients! Shipping was fast too.,False,Collagen Beauty Powder,Customer_7328,43
REV-A6E07B0D,2023-09-22,1,One star is too generous. Product separated in the bottle.,True,Turmeric Anti-Inflammatory Tablets,Customer_5592,84
REV-AD77A580,2023-07-03,4,I best purchase I've made this year! The Turmeric Anti-Inflammatory Tablets is amazing.,True,Collagen Beauty Powder,Customer_5183,23
REV-1B670F01,2024-03-02,2,DO NOT BUY. Caused breakout within days. This company doesn't care.,True,Omega-3 Fish Oil Supplement,Customer_5467,5
REV-1AE3E229,2023-08-14,3,Average product for the price. It's fine I guess.,False,HydraBoost Daily Moisturizer,Customer_2550,33
REV-938A8F28,2023-03-06,2,One star is too generous. Tracking number didn't work.,False,PureGlow Cleansing Balm,Customer_8385,11
REV-9350E22F,2024-03-09,4,Noticed results in just one week! Shipping was fast too.,True,Omega-3 Fish Oil Supplement,Customer_5925,14
REV-DD9DF71C,2024-03-15,1,One star is too generous. Got generic copy-paste responses.,True,Youth Renewal Night Cream,Customer_8649,92
REV-46DC24D6,2024-02-15,3,Average product for the price. It's fine I guess.,True,Omega-3 Fish Oil Supplement,Customer_8757,31
REV-E6C9117E,2023-11-08,4,The Radiance Vitamin C Serum exceeded expectations. Fast shipping and great quality!,False,HydraBoost Daily Moisturizer,Customer_2447,38
REV-6693E1A5,2024-01-20,2,DO NOT BUY. Customs held my order for a month. This company doesn't care.,True,PureGlow Cleansing Balm,Customer_6375,49
REV-AC27A377,2023-08-19,5,Just received my order and best purchase I've made this year. Great job!,True,Youth Renewal Night Cream,Customer_7154,28
REV-71C50AEF,2024-07-12,5,Just received my order and fast shipping and great quality. Great job!,True,PureGlow Cleansing Balm,Customer_4187,5
REV-C763BCEF,2024-06-16,2,One star is too generous. Caused breakout within days.,True,Collagen Beauty Powder,Customer_4805,46
REV-6FDADC89,2024-01-05,2,Ordered the HydraBoost Daily Moisturizer and hidden fees appeared at checkout. So angry right now.,False,Collagen Beauty Powder,Customer_2017,48
REV-84BACA6D,2023-07-09,3,Average product for the price. It's fine I guess.,True,Omega-3 Fish Oil Supplement,Customer_9819,5
REV-6CAA10BC,2024-02-21,2,Terrible experience. Bottle leaked all over the box. Avoid this product.,True,Omega-3 Fish Oil Supplement,Customer_4449,48
REV-C7042797,2023-04-02,3,Does what it says but slowly. It's fine I guess.,True,Radiance Vitamin C Serum,Customer_4449,9
REV-96F776D5,2024-06-20,1,DO NOT BUY. Chat bot kept looping without solution. This company doesn't care.,True,Collagen Beauty Powder,Customer_1914,28
REV-6C8BEB29,2024-01-25,1,Terrible experience. Cap was loose and product spilled. Avoid this product.,True,Radiance Vitamin C Serum,Customer_5973,90
REV-79DB2CA5,2024-05-09,2,DO NOT BUY. Texture changed from previous order. This company doesn't care.,True,PureGlow Cleansing Balm,Customer_8057,44
REV-03380041,2024-07-09,2,DO NOT BUY. Product separated in the bottle. This company doesn't care.,True,Collagen Beauty Powder,Customer_3900,47
REV-A360575D,2023-04-20,3,Does what it says but slowly. It's fine I guess.,True,Omega-3 Fish Oil Supplement,Customer_6426,12
REV-0E2F9DD9,2024-08-27,2,Waste of money. Carrier lost my package twice. Customer service was no help.,True,Youth Renewal Night Cream,Customer_1666,8
REV-8DC014F4,2024-07-18,5,I packaging was beautiful and secure! The PureGlow Cleansing Balm is amazing.,True,HydraBoost Daily Moisturizer,Customer_7566,17
REV-29DAD391,2023-03-16,3,It's okay nothing special. It's fine I guess.,False,Youth Renewal Night Cream,Customer_1536,50
REV-60F03E76,2023-04-10,2,Waste of money. Agent hung up on me. Customer service was no help.,True,Youth Renewal Night Cream,Customer_3328,28
REV-5653B565,2023-10-26,4,Noticed results in just one week! Shipping was fast too.,True,PureGlow Cleansing Balm,Customer_9442,31
REV-E9802743,2023-03-22,3,Decent quality but slow shipping. It's fine I guess.,True,Omega-3 Fish Oil Supplement,Customer_4840,18
REV-FA7D3D81,2024-07-24,5,I packaging was beautiful and secure! The Probiotic Gut Health Capsules is amazing.,True,Omega-3 Fish Oil Supplement,Customer_2183,26
REV-2197581C,2023-03-17,4,Exceeded my expectations! Shipping was fast too.,True,Collagen Beauty Powder,Customer_5807,6
REV-3C5E91C3,2024-07-07,2,Very disappointed. The support said they can't help with this. Won't buy again.,True,Turmeric Anti-Inflammatory Tablets,Customer_1483,28
REV-CF028235,2023-09-07,2,Waste of money. Charged twice for same order. Customer service was no help.,True,PureGlow Cleansing Balm,Customer_6441,45
REV-F326A1BD,2024-03-14,5,Just received my order and noticed results in just one week. Great job!,True,HydraBoost Daily Moisturizer,Customer_8839,7
REV-E2258D28,2023-09-09,4,I this brand really cares about customers! The Omega-3 Fish Oil Supplement is amazing.,True,Omega-3 Fish Oil Supplement,Customer_4917,34
REV-7BB4E162,2024-08-04,2,DO NOT BUY. Shipping took over 3 weeks. This company doesn't care.,True,Youth Renewal Night Cream,Customer_8876,49
REV-D354E8B0,2023-08-14,3,Would consider other options next time. It's fine I guess.,True,Turmeric Anti-Inflammatory Tablets,Customer_5035,23
REV-0B30BAA1,2024-06-22,5,Absolutely love this product. Been using for 2 months now.,True,Probiotic Gut Health Capsules,Customer_3219,22
REV-2E01ABBB,2024-11-28,2,Terrible experience. Package arrived damaged. Avoid this product.,True,Omega-3 Fish Oil Supplement,Customer_5213,15
REV-612AA9CF,2023-08-25,2,The Omega-3 Fish Oil Supplement box arrived crushed. Very frustrated with this purchase.,True,HydraBoost Daily Moisturizer,Customer_6285,21
REV-DD751798,2023-11-07,2,Waste of money. Nobody answered my phone call. Customer service was no help.,False,Omega-3 Fish Oil Supplement,Customer_2684,6
REV-D8B234E1,2024-01-16,5,Customer service was super helpful! Shipping was fast too.,False,Probiotic Gut Health Capsules,Customer_6014,25
REV-5830AF4A,2024-10-04,2,Waste of money. Hidden fees appeared at checkout. Customer service was no help.,False,Youth Renewal Night Cream,Customer_8710,8
REV-7939A94D,2023-02-26,4,Highly recommend to friends. Been using for 2 months now.,False,Youth Renewal Night Cream,Customer_1261,29
REV-32CC0F3E,2023-04-07,2,Hidden fees appeared at checkout. I want a refund immediately.,True,Youth Renewal Night Cream,Customer_7916,39
REV-9D3E07AB,2024-11-16,5,Will definitely repurchase! Shipping was fast too.,True,Youth Renewal Night Cream,Customer_1762,6
REV-FA34D636,2024-04-08,3,Works but takes time to see results. It's fine I guess.,True,Probiotic Gut Health Capsules,Customer_8222,26
REV-58059EED,2024-08-15,3,Not bad but not amazing either. It's fine I guess.,True,Probiotic Gut Health Capsules,Customer_1637,31
REV-E1813C10,2023-10-16,2,Label peeled off immediately. I want a refund immediately.,True,Collagen Beauty Powder,Customer_1778,9
REV-4DC6CABB,2024-08-30,2,Terrible experience. Order never showed up. Avoid this product.,True,Youth Renewal Night Cream,Customer_9559,0
REV-3958E2EE,2024-04-14,4,I best purchase I've made this year! The Turmeric Anti-Inflammatory Tablets is amazing.,True,Collagen Beauty Powder,Customer_6697,49
REV-12234813,2023-09-25,2,Shipping cost more than the product. I want a refund immediately.,True,Omega-3 Fish Oil Supplement,Customer_5148,1
REV-C0EECD3D,2024-07-12,1,Very disappointed. The caused breakout within days. Won't buy again.,True,Omega-3 Fish Oil Supplement,Customer_3783,44
REV-794A607F,2023-01-18,1,Waste of money. Bottle leaked all over the box. Customer service was no help.,True,Probiotic Gut Health Capsules,Customer_3424,60
REV-FC75577E,2023-01-11,4,The PureGlow Cleansing Balm exceeded expectations. Great value for money!,True,HydraBoost Daily Moisturizer,Customer_9986,24
REV-C4F43FD8,2023-08-08,5,I fast shipping and great quality! The Youth Renewal Night Cream is amazing.,True,PureGlow Cleansing Balm,Customer_1602,37
REV-D86E902D,2024-05-29,1,DO NOT BUY. Hard to find cancel button. This company doesn't care.,False,Collagen Beauty Powder,Customer_3917,100
REV-103D051A,2024-02-06,4,The Collagen Beauty Powder exceeded expectations. Noticed results in just one week!,True,PureGlow Cleansing Balm,Customer_2556,34
REV-1626B4D5,2023-04-16,1,Terrible experience. Texture changed from previous order. Avoid this product.,True,HydraBoost Daily Moisturizer,Customer_7567,7
REV-AC056125,2023-07-10,4,Customer service was super helpful. Been using for 2 months now.,True,HydraBoost Daily Moisturizer,Customer_7747,36
REV-06064F2F,2023-08-15,5,The Turmeric Anti-Inflammatory Tablets exceeded expectations. Product works exactly as described!,True,Youth Renewal Night Cream,Customer_1857,23
REV-64AC0795,2024-10-16,2,The Youth Renewal Night Cream subscription price increased without notice. Very frustrated with this purchase.,False,HydraBoost Daily Moisturizer,Customer_8537,6
REV-280E5FF1,2023-05-31,4,Noticed results in just one week. Been using for 2 months now.,True,Radiance Vitamin C Serum,Customer_3354,33
REV-6FD966E9,2024-08-24,1,The HydraBoost Daily Moisturizer bottle leaked all over the box. Very frustrated with this purchase.,False,Turmeric Anti-Inflammatory Tablets,Customer_6475,60
REV-C273D5B6,2024-12-21,2,Very disappointed. The packaging looks cheap for the price. Won't buy again.,True,Youth Renewal Night Cream,Customer_1755,49
REV-FE406A66,2023-08-20,2,Terrible experience. They made cancellation intentionally difficult. Avoid this product.,True,Probiotic Gut Health Capsules,Customer_2082,22
REV-38226A08,2024-09-21,3,Might work for others but not for me. It's fine I guess.,True,HydraBoost Daily Moisturizer,Customer_8604,22
REV-4B3D701B,2024-12-08,5,Just received my order and best purchase I've made this year. Great job!,True,Radiance Vitamin C Serum,Customer_5152,45
REV-A6146F15,2023-12-06,3,Average product for the price. It's fine I guess.,True,Collagen Beauty Powder,Customer_1693,3
REV-4590F448,2023-12-13,2,One star is too generous. Charged after i cancelled.,True,Collagen Beauty Powder,Customer_2432,21
REV-A6F4BCDA,2024-01-28,4,I love the natural ingredients! The Probiotic Gut Health Capsules is amazing.,True,HydraBoost Daily Moisturizer,Customer_5600,6
REV-4FD12A4A,2024-07-10,2,Terrible experience. Jar arrived cracked. Avoid this product.,True,HydraBoost Daily Moisturizer,Customer_5500,28
REV-49B5F53A,2024-06-23,2,Ordered the Radiance Vitamin C Serum and made my skin red and irritated. So angry right now.,False,PureGlow Cleansing Balm,Customer_3690,13
REV-7AD47653,2024-11-07,2,Ordered the HydraBoost Daily Moisturizer and wrong item was sent. So angry right now.,False,Youth Renewal Night Cream,Customer_6984,32
REV-429B0508,2023-05-06,2,Shipping cost more than the product. I want a refund immediately.,True,Collagen Beauty Powder,Customer_7957,26
REV-D150C5C3,2023-02-12,2,DO NOT BUY. Pump broke after first use. This company doesn't care.,True,PureGlow Cleansing Balm,Customer_1666,37
REV-71BBB3B3,2024-09-16,3,Decent quality but slow shipping. It's fine I guess.,True,Turmeric Anti-Inflammatory Tablets,Customer_1996,50
REV-8C77401D,2023-11-14,5,Great value for money! Shipping was fast too.,True,Turmeric Anti-Inflammatory Tablets,Customer_4055,11
REV-0B5CBA5D,2024-08-30,5,I gentle on sensitive skin! The Probiotic Gut Health Capsules is amazing.,True,Omega-3 Fish Oil Supplement,Customer_6649,9
REV-022AEF64,2023-10-02,2,Texture changed from previous order. I want a refund immediately.,True,Collagen Beauty Powder,Customer_4046,22
REV-951886B3,2023-07-31,5,Great value for money! Shipping was fast too.,True,Youth Renewal Night Cream,Customer_5019,43
REV-13235798,2024-09-29,2,Very disappointed. The nobody answered my phone call. Won't buy again.,True,HydraBoost Daily Moisturizer,Customer_5464,16
REV-5ACBEBA1,2024-05-20,2,DO NOT BUY. Packaging looks cheap for the price. This company doesn't care.,True,Radiance Vitamin C Serum,Customer_7535,44
REV-C4E9B7B0,2023-03-10,4,Product works exactly as described! Shipping was fast too.,True,PureGlow Cleansing Balm,Customer_3776,37
REV-1DB1C6BB,2024-08-25,5,Packaging was beautiful and secure. Been using for 2 months now.,False,PureGlow Cleansing Balm,Customer_3110,32
REV-0D8E2376,2023-03-29,4,I my skin has never looked better! The Collagen Beauty Powder is amazing.,True,Radiance Vitamin C Serum,Customer_8051,7
REV-68FBF57A,2023-06-08,5,This brand really cares about customers! Shipping was fast too.,True,Youth Renewal Night Cream,Customer_4075,10
REV-86BDFFED,2023-12-25,3,Average product for the price. It's fine I guess.,True,Youth Renewal Night Cream,Customer_5412,28
REV-D4162C35,2024-10-03,4,The Youth Renewal Night Cream exceeded expectations. Fast shipping and great quality!,True,HydraBoost Daily Moisturizer,Customer_4708,8
REV-DAF19D1F,2023-05-20,5,Packaging was beautiful and secure. Been using for 2 months now.,True,HydraBoost Daily Moisturizer,Customer_7201,26
REV-7CD3C4C5,2024-11-02,1,One star is too generous. Bottle was only half full.,False,Youth Renewal Night Cream,Customer_1715,69
REV-D24B88E7,2023-05-15,1,Waste of money. Order never showed up. Customer service was no help.,True,Turmeric Anti-Inflammatory Tablets,Customer_1738,48
REV-594E9233,2024-12-26,1,Terrible experience. They ignored my refund request. Avoid this product.,False,Omega-3 Fish Oil Supplement,Customer_2586,96
REV-B67CB8B3,2024-09-02,4,Packaging was beautiful and secure. Been using for 2 months now.,True,PureGlow Cleansing Balm,Customer_4708,44
REV-89A7A7C0,2024-02-16,4,Great value for money. Been using for 2 months now.,True,Turmeric Anti-Inflammatory Tablets,Customer_9267,21
REV-691E2EEA,2023-04-04,5,I will definitely repurchase! The Turmeric Anti-Inflammatory Tablets is amazing.,True,Turmeric Anti-Inflammatory Tablets,Customer_3791,37
REV-D0A232E3,2024-10-23,4,Love the natural ingredients! Shipping was fast too.,True,Probiotic Gut Health Capsules,Customer_5110,2
REV-6EE27BAC,2023-12-22,1,Very disappointed. The caused breakout within days. Won't buy again.,True,HydraBoost Daily Moisturizer,Customer_6396,57
REV-2FB078CB,2024-06-03,4,I absolutely love this product! The Collagen Beauty Powder is amazing.,True,HydraBoost Daily Moisturizer,Customer_7724,31
REV-C5DA9046,2024-10-02,5,Just received my order and love the natural ingredients. Great job!,True,HydraBoost Daily Moisturizer,Customer_3310,31
REV-4575A453,2023-09-01,1,Terrible experience. Texture changed from previous order. Avoid this product.,True,Turmeric Anti-Inflammatory Tablets,Customer_2650,68
REV-2121F230,2024-02-24,3,Not bad but not amazing either. It's fine I guess.,True,PureGlow Cleansing Balm,Customer_2819,6
REV-AC375CA5,2023-02-03,5,Just received my order and exceeded my expectations. Great job!,False,PureGlow Cleansing Balm,Customer_8349,17
REV-E48FC236,2023-06-26,4,I highly recommend to friends! The Turmeric Anti-Inflammatory Tablets is amazing.,True,Omega-3 Fish Oil Supplement,Customer_8632,12
REV-73743AD7,2024-11-19,4,Just received my order and fast shipping and great quality. Great job!,True,Turmeric Anti-Inflammatory Tablets,Customer_4788,47
REV-48987660,2024-11-24,5,Packaging was beautiful and secure! Shipping was fast too.,False,PureGlow Cleansing Balm,Customer_6385,25
REV-A93AF584,2024-09-10,1,Very disappointed. The cap was loose and product spilled. Won't buy again.,True,Radiance Vitamin C Serum,Customer_7972,17
REV-481393B8,2024-12-18,5,I highly recommend to friends! The HydraBoost Daily Moisturizer is amazing.,True,HydraBoost Daily Moisturizer,Customer_1023,42
REV-216FFED4,2023-04-21,5,Just received my order and absolutely love this product. Great job!,True,Omega-3 Fish Oil Supplement,Customer_8364,39
REV-6E42B1A0,2024-01-29,2,Ordered the Probiotic Gut Health Capsules and order never showed up. So angry right now.,True,Youth Renewal Night Cream,Customer_6289,48
REV-3F94B841,2023-03-22,5,I noticed results in just one week! The Turmeric Anti-Inflammatory Tablets is amazing.,False,Collagen Beauty Powder,Customer_2173,34
REV-1E70082B,2024-09-29,5,The PureGlow Cleansing Balm exceeded expectations. Love the natural ingredients!,True,Youth Renewal Night Cream,Customer_2065,24
REV-D6CDA069,2023-06-26,5,Highly recommend to friends. Been using for 2 months now.,True,Youth Renewal Night Cream,Customer_9994,16
REV-17EAEA9B,2024-09-14,5,The Probiotic Gut Health Capsules exceeded expectations. My skin has never looked better!,True,HydraBoost Daily Moisturizer,Customer_3604,42
REV-70B1BA2F,2023-11-12,3,Decent quality but slow shipping. It's fine I guess.,True,Turmeric Anti-Inflammatory Tablets,Customer_4725,1
REV-95CA025D,2024-02-04,3,Works but takes time to see results. It's fine I guess.,True,Turmeric Anti-Inflammatory Tablets,Customer_2625,50
REV-7D43E5DD,2023-05-02,4,Exceeded my expectations. Been using for 2 months now.,False,Turmeric Anti-Inflammatory Tablets,Customer_5817,11
REV-15D09583,2023-09-13,2,One star is too generous. Representative was rude and unhelpful.,True,Turmeric Anti-Inflammatory Tablets,Customer_9362,32
REV-9F302458,2024-06-05,3,It's okay nothing special. It's fine I guess.,False,PureGlow Cleansing Balm,Customer_8115,38
REV-4A5F6B74,2023-08-25,2,Ordered the Collagen Beauty Powder and auto-renewal happened without warning. So angry right now.,False,Omega-3 Fish Oil Supplement,Customer_8749,46
REV-75E013EE,2024-10-29,1,Wrong item was sent. I want a refund immediately.,True,Collagen Beauty Powder,Customer_5401,91
REV-CA4B177D,2024-10-26,4,I will definitely repurchase! The HydraBoost Daily Moisturizer is amazing.,True,Probiotic Gut Health Capsules,Customer_4793,33
REV-B83DB1D7,2023-11-09,2,Terrible experience. Hidden fees appeared at checkout. Avoid this product.,False,Youth Renewal Night Cream,Customer_7114,41
REV-8B6DEBC3,2024-09-04,5,Absolutely love this product. Been using for 2 months now.,False,Radiance Vitamin C Serum,Customer_7663,18
REV-29D03873,2024-01-01,1,DO NOT BUY. Bottle was only half full. This company doesn't care.,True,HydraBoost Daily Moisturizer,Customer_5164,18
REV-74CF6FC1,2023-08-19,5,Great value for money. Been using for 2 months now.,False,PureGlow Cleansing Balm,Customer_5639,10
REV-0CB97667,2023-12-04,2,Very disappointed. The made my skin red and irritated. Won't buy again.,True,Probiotic Gut Health Capsules,Customer_9097,6
REV-F4741A4A,2023-12-17,5,Best purchase i've made this year! Shipping was fast too.,True,Omega-3 Fish Oil Supplement,Customer_3913,29
REV-205776EA,2023-03-28,1,Ordered the Probiotic Gut Health Capsules and delivery was delayed by 2 weeks. So angry right now.,False,HydraBoost Daily Moisturizer,Customer_6430,37
REV-880DC796,2023-04-02,5,The PureGlow Cleansing Balm exceeded expectations. Gentle on sensitive skin!,True,Turmeric Anti-Inflammatory Tablets,Customer_4874,13
REV-D99E04D3,2023-05-29,4,The HydraBoost Daily Moisturizer exceeded expectations. Will definitely repurchase!,True,Omega-3 Fish Oil Supplement,Customer_5305,37
REV-DF09EC63,2023-06-21,1,Ordered the Turmeric Anti-Inflammatory Tablets and jar arrived cracked. So angry right now.,True,Turmeric Anti-Inflammatory Tablets,Customer_3066,13
REV-DBAD46D2,2024-10-06,4,Just received my order and product works exactly as described. Great job!,True,Collagen Beauty Powder,Customer_4834,6
REV-78F5FE73,2024-02-10,2,DO NOT BUY. Dropper broke inside the bottle. This company doesn't care.,True,Turmeric Anti-Inflammatory Tablets,Customer_1660,22
REV-9FC535A2,2023-09-09,2,One star is too generous. Order never showed up.,True,Youth Renewal Night Cream,Customer_5492,8
REV-4CBED739,2024-05-29,5,My skin has never looked better. Been using for 2 months now.,False,Omega-3 Fish Oil Supplement,Customer_3742,41
REV-156A07A9,2023-06-14,5,This brand really cares about customers. Been using for 2 months now.,True,Turmeric Anti-Inflammatory Tablets,Customer_9851,36
REV-48AD09E7,2023-06-20,2,Waste of money. Refund still hasn't processed. Customer service was no help.,True,Omega-3 Fish Oil Supplement,Customer_7246,39
REV-2560E823,2023-09-14,2,One star is too generous. Delivery was delayed by 2 weeks.,False,Probiotic Gut Health Capsules,Customer_9430,29
REV-F418CD2F,2023-04-05,2,DO NOT BUY. Hidden fees appeared at checkout. This company doesn't care.,True,Radiance Vitamin C Serum,Customer_2758,33
REV-15C0AA35,2024-12-07,2,Ordered the HydraBoost Daily Moisturizer and package arrived damaged. So angry right now.,True,Collagen Beauty Powder,Customer_1469,22
REV-3A538346,2023-08-04,4,I highly recommend to friends! The HydraBoost Daily Moisturizer is amazing.,True,Collagen Beauty Powder,Customer_8765,15
REV-D875DB4B,2024-11-29,1,DO NOT BUY. Waited 45 minutes on chat with no help. This company doesn't care.,True,PureGlow Cleansing Balm,Customer_4659,15
REV-2B1D8093,2024-10-18,2,Terrible experience. Carrier lost my package twice. Avoid this product.,True,Turmeric Anti-Inflammatory Tablets,Customer_4054,3
REV-50108895,2023-10-04,3,Works but takes time to see results. It's fine I guess.,True,Turmeric Anti-Inflammatory Tablets,Customer_2831,28
REV-228DC444,2023-04-11,5,Just received my order and love the natural ingredients. Great job!,True,PureGlow Cleansing Balm,Customer_8048,22
REV-907093F0,2023-04-01,2,One star is too generous. Got generic copy-paste responses.,False,HydraBoost Daily Moisturizer,Customer_5948,39
REV-68462E19,2024-10-26,1,The Radiance Vitamin C Serum agent hung up on me. Very frustrated with this purchase.,True,Turmeric Anti-Inflammatory Tablets,Customer_1856,34
REV-2E1971F9,2023-06-28,4,Customer service was super helpful! Shipping was fast too.,True,Omega-3 Fish Oil Supplement,Customer_4836,25
REV-22905823,2024-05-19,1,Very disappointed. The support never responded to my email. Won't buy again.,True,Turmeric Anti-Inflammatory Tablets,Customer_3612,35
REV-56EA5740,2024-07-30,4,The Probiotic Gut Health Capsules exceeded expectations. Best purchase i've made this year!,True,Turmeric Anti-Inflammatory Tablets,Customer_5125,38
REV-6C92762C,2023-08-23,2,The HydraBoost Daily Moisturizer wrong item was sent. Very frustrated with this purchase.,True,Turmeric Anti-Inflammatory Tablets,Customer_1760,4
REV-973C6A9E,2023-02-28,4,Best purchase i've made this year! Shipping was fast too.,False,Probiotic Gut Health Capsules,Customer_2445,8
REV-1EB880CF,2023-01-18,4,The Omega-3 Fish Oil Supplement exceeded expectations. Gentle on sensitive skin!,True,Radiance Vitamin C Serum,Customer_8823,35
REV-B8F471F0,2023-06-19,1,The Youth Renewal Night Cream wrong item was sent. Very frustrated with this purchase.,True,HydraBoost Daily Moisturizer,Customer_8555,83
REV-6E79B2F5,2023-08-04,3,Works but takes time to see results. It's fine I guess.,True,PureGlow Cleansing Balm,Customer_6241,41
REV-515503D3,2023-11-29,5,The Omega-3 Fish Oil Supplement exceeded expectations. Great value for money!,True,Probiotic Gut Health Capsules,Customer_4038,16
REV-40B4BC5D,2024-04-06,2,Waste of money. Couldn't cancel my subscription. Customer service was no help.,True,Turmeric Anti-Inflammatory Tablets,Customer_4120,16
REV-E1AFFDBD,2024-12-01,5,Just received my order and product works exactly as described. Great job!,True,Youth Renewal Night Cream,Customer_6909,24
REV-27CA4E12,2023-07-25,5,Customer service was super helpful. Been using for 2 months now.,True,Probiotic Gut Health Capsules,Customer_6674,47
REV-6FD749E9,2023-01-12,2,DO NOT BUY. Smells rancid like old oil. This company doesn't care.,True,Omega-3 Fish Oil Supplement,Customer_4255,20
REV-33CC21AF,2024-10-27,1,Very disappointed. The refund still hasn't processed. Won't buy again.,True,Omega-3 Fish Oil Supplement,Customer_1869,95
REV-FB78E07D,2023-01-28,1,DO NOT BUY. Agent hung up on me. This company doesn't care.,True,HydraBoost Daily Moisturizer,Customer_5488,25
REV-85C2704F,2023-07-22,2,The Turmeric Anti-Inflammatory Tablets pump dispenser doesn't work. Very frustrated with this purchase.,True,Turmeric Anti-Inflammatory Tablets,Customer_8935,28
REV-6DA5C0BD,2024-09-18,2,One star is too generous. Chat bot kept looping without solution.,True,HydraBoost Daily Moisturizer,Customer_5345,27
REV-3B0DA30B,2024-06-19,5,Just received my order and gentle on sensitive skin. Great job!,False,Youth Renewal Night Cream,Customer_3669,32
REV-75FED238,2023-12-01,4,This brand really cares about customers. Been using for 2 months now.,True,Omega-3 Fish Oil Supplement,Customer_8143,8
REV-8EA01700,2023-06-20,2,Very disappointed. The made my skin red and irritated. Won't buy again.,True,Omega-3 Fish Oil Supplement,Customer_1304,18
REV-EFEE619F,2023-02-01,4,Great value for money! Shipping was fast too.,True,Omega-3 Fish Oil Supplement,Customer_5383,40
REV-00CF9688,2024-11-19,3,Not bad but not amazing either. It's fine I guess.,True,HydraBoost Daily Moisturizer,Customer_7708,42
REV-79FED12D,2024-11-21,2,The Omega-3 Fish Oil Supplement chat bot kept looping without solution. Very frustrated with this purchase.,False,PureGlow Cleansing Balm,Customer_3278,25
REV-A31DCACC,2023-12-31,5,The Collagen Beauty Powder exceeded expectations. Best purchase i've made this year!,True,Radiance Vitamin C Serum,Customer_4382,30
REV-B00B1177,2023-03-18,1,Terrible experience. Agent hung up on me. Avoid this product.,True,Omega-3 Fish Oil Supplement,Customer_2690,2
REV-B6EB95D5,2023-02-28,5,Customer service was super helpful! Shipping was fast too.,False,HydraBoost Daily Moisturizer,Customer_1468,40
REV-9C013DD5,2024-02-07,2,Pump dispenser doesn't work. I want a refund immediately.,True,HydraBoost Daily Moisturizer,Customer_9509,18
REV-B4DA4C56,2024-11-01,2,One star is too generous. Took 2 weeks to get a response.,True,PureGlow Cleansing Balm,Customer_3186,6
REV-1D20F190,2024-03-20,5,Best purchase i've made this year. Been using for 2 months now.,False,Omega-3 Fish Oil Supplement,Customer_6222,16
REV-B315152D,2024-06-12,5,Just received my order and noticed results in just one week. Great job!,True,Youth Renewal Night Cream,Customer_6624,29
REV-E95FB9FC,2023-02-10,1,Terrible experience. No protective packaging at all. Avoid this product.,True,HydraBoost Daily Moisturizer,Customer_7791,37
REV-01F6F558,2024-10-15,2,Waste of money. Subscription price increased without notice. Customer service was no help.,True,Probiotic Gut Health Capsules,Customer_5835,49
REV-E7E94EBC,2024-04-22,5,Absolutely love this product. Been using for 2 months now.,True,Radiance Vitamin C Serum,Customer_5966,17
REV-B13ACE50,2024-03-14,1,The HydraBoost Daily Moisturizer pump broke after first use. Very frustrated with this purchase.,True,PureGlow Cleansing Balm,Customer_1985,85
REV-D1B91A60,2023-05-16,4,Best purchase i've made this year! Shipping was fast too.,True,Probiotic Gut Health Capsules,Customer_7449,24
REV-6B79AA23,2023-09-04,1,One star is too generous. Delivery was delayed by 2 weeks.,True,PureGlow Cleansing Balm,Customer_5806,32
REV-5FAA4ED7,2024-12-10,2,The Turmeric Anti-Inflammatory Tablets nobody answered my phone call. Very frustrated with this purchase.,True,Collagen Beauty Powder,Customer_4352,22
REV-C3B66325,2023-01-08,5,Just received my order and highly recommend to friends. Great job!,True,Collagen Beauty Powder,Customer_4645,32
REV-2293C7DA,2024-08-07,4,Customer service was super helpful! Shipping was fast too.,True,Probiotic Gut Health Capsules,Customer_8235,0
REV-4EBB0131,2024-11-23,1,Terrible experience. Refund still hasn't processed. Avoid this product.,True,Turmeric Anti-Inflammatory Tablets,Customer_3136,22
REV-E22A29BB,2024-01-21,2,Waste of money. Customs held my order for a month. Customer service was no help.,True,Probiotic Gut Health Capsules,Customer_1147,46
REV-D923AD66,2024-02-07,4,The Turmeric Anti-Inflammatory Tablets exceeded expectations. Noticed results in just one week!,True,HydraBoost Daily Moisturizer,Customer_6355,42
REV-30A42C50,2024-10-08,3,It's okay nothing special. It's fine I guess.,True,PureGlow Cleansing Balm,Customer_6029,18
REV-6427EFB8,2024-06-15,2,Terrible experience. Got generic copy-paste responses. Avoid this product.,True,PureGlow Cleansing Balm,Customer_5357,7
REV-48BDEA51,2023-01-08,5,Just received my order and exceeded my expectations. Great job!,True,Collagen Beauty Powder,Customer_9525,49
REV-3E779034,2024-04-21,1,The Turmeric Anti-Inflammatory Tablets texture changed from previous order. Very frustrated with this purchase.,True,Radiance Vitamin C Serum,Customer_7398,33
REV-090DACE5,2024-04-11,4,Just received my order and gentle on sensitive skin. Great job!,True,Youth Renewal Night Cream,Customer_4976,13
REV-76EA1776,2024-10-07,1,DO NOT BUY. Seal was already broken. This company doesn't care.,True,Youth Renewal Night Cream,Customer_6064,86
REV-EA7A9547,2024-03-02,3,Would consider other options next time. It's fine I guess.,True,Youth Renewal Night Cream,Customer_1149,1
REV-3D8B9AA6,2023-02-11,4,I great value for money! The Radiance Vitamin C Serum is amazing.,True,HydraBoost Daily Moisturizer,Customer_9508,7
REV-DE2C0EE2,2024-05-12,4,Just received my order and exceeded my expectations. Great job!,True,Youth Renewal Night Cream,Customer_5280,32
REV-A0AC75A8,2024-02-07,4,The PureGlow Cleansing Balm exceeded expectations. Noticed results in just one week!,True,HydraBoost Daily Moisturizer,Customer_8379,36
REV-6F363E8A,2023-03-01,3,Does what it says but slowly. It's fine I guess.,True,HydraBoost Daily Moisturizer,Customer_6314,21
REV-1AA86476,2024-09-13,2,Very disappointed. The packaging looks cheap for the price. Won't buy again.,True,Omega-3 Fish Oil Supplement,Customer_9375,33
REV-8672D462,2023-11-24,2,Terrible experience. Bottle was only half full. Avoid this product.,True,Radiance Vitamin C Serum,Customer_4732,11
REV-39B45129,2024-11-10,2,The Probiotic Gut Health Capsules pump dispenser doesn't work. Very frustrated with this purchase.,True,PureGlow Cleansing Balm,Customer_8180,29
REV-481E207F,2024-08-01,5,The Radiance Vitamin C Serum exceeded expectations. Customer service was super helpful!,True,Turmeric Anti-Inflammatory Tablets,Customer_4549,9
REV-69DC2133,2024-08-16,2,The Youth Renewal Night Cream carrier lost my package twice. Very frustrated with this purchase.,True,Radiance Vitamin C Serum,Customer_9968,3
REV-88563FD9,2024-09-26,3,Works but takes time to see results. It's fine I guess.,True,Youth Renewal Night Cream,Customer_2656,49
REV-53192A19,2023-11-10,1,The Radiance Vitamin C Serum made my skin red and irritated. Very frustrated with this purchase.,True,Collagen Beauty Powder,Customer_9762,27
REV-0A147497,2023-06-26,5,Just received my order and customer service was super helpful. Great job!,True,Omega-3 Fish Oil Supplement,Customer_7886,46
REV-1F3AC588,2023-02-13,5,Absolutely love this product. Been using for 2 months now.,True,Turmeric Anti-Inflammatory Tablets,Customer_6383,27
REV-D4519761,2023-12-20,3,Decent quality but slow shipping. It's fine I guess.,True,Omega-3 Fish Oil Supplement,Customer_7014,34
REV-CBADA3FF,2024-01-16,5,I this brand really cares about customers! The Turmeric Anti-Inflammatory Tablets is amazing.,True,Omega-3 Fish Oil Supplement,Customer_4690,15
REV-2D196EAB,2023-11-30,3,It's okay nothing special. It's fine I guess.,False,Probiotic Gut Health Capsules,Customer_9137,31
REV-AB1B2F0D,2023-12-24,4,Noticed results in just one week! Shipping was fast too.,True,Turmeric Anti-Inflammatory Tablets,Customer_9898,35
REV-AFB6DFE9,2023-09-01,2,DO NOT BUY. Texture changed from previous order. This company doesn't care.,True,Probiotic Gut Health Capsules,Customer_7777,11
REV-AE4636D3,2023-08-17,3,It's okay nothing special. It's fine I guess.,True,Omega-3 Fish Oil Supplement,Customer_9787,41
REV-8E7E4C8B,2024-12-31,2,Waste of money. Wrong item was sent. Customer service was no help.,True,Radiance Vitamin C Serum,Customer_6955,3
REV-0EBB3B41,2024-04-15,1,The Radiance Vitamin C Serum texture changed from previous order. Very frustrated with this purchase.,True,Youth Renewal Night Cream,Customer_3536,82
REV-D073B3A7,2023-07-25,3,Might work for others but not for me. It's fine I guess.,True,Turmeric Anti-Inflammatory Tablets,Customer_5440,50
REV-B293868D,2024-10-07,1,DO NOT BUY. Package arrived damaged. This company doesn't care.,False,Turmeric Anti-Inflammatory Tablets,Customer_3713,38
REV-DAF0DDF7,2024-12-18,3,Might work for others but not for me. It's fine I guess.,False,Omega-3 Fish Oil Supplement,Customer_4828,3
REV-0742D4D3,2023-02-06,5,Just received my order and gentle on sensitive skin. Great job!,True,Probiotic Gut Health Capsules,Customer_3034,10
REV-2461B3CF,2024-04-10,4,The Omega-3 Fish Oil Supplement exceeded expectations. Highly recommend to friends!,True,Turmeric Anti-Inflammatory Tablets,Customer_4852,29
REV-23D5100C,2023-01-19,2,Waste of money. Cap was loose and product spilled. Customer service was no help.,True,HydraBoost Daily Moisturizer,Customer_3535,46
REV-8BFCA8CF,2024-04-01,5,I gentle on sensitive skin! The Omega-3 Fish Oil Supplement is amazing.,True,Probiotic Gut Health Capsules,Customer_5555,8
REV-AB7A6D17,2024-09-10,5,Just received my order and best purchase I've made this year. Great job!,False,Turmeric Anti-Inflammatory Tablets,Customer_9334,6
REV-2F46DE5F,2024-03-06,2,Charged twice for same order. I want a refund immediately.,True,Omega-3 Fish Oil Supplement,Customer_8680,1
REV-E9FB7F05,2024-08-04,4,Will definitely repurchase! Shipping was fast too.,True,Turmeric Anti-Inflammatory Tablets,Customer_2452,0
REV-F0C2ACA2,2023-10-19,3,It's okay nothing special. It's fine I guess.,True,Omega-3 Fish Oil Supplement,Customer_8131,8
REV-92C60894,2024-05-18,1,The Turmeric Anti-Inflammatory Tablets bottle leaked all over the box. Very frustrated with this purchase.,True,Youth Renewal Night Cream,Customer_8330,88
REV-0941A098,2023-12-09,2,Terrible experience. They made cancellation intentionally difficult. Avoid this product.,True,Omega-3 Fish Oil Supplement,Customer_1622,48
REV-AC0013D4,2023-12-26,4,Just received my order and gentle on sensitive skin. Great job!,True,Probiotic Gut Health Capsules,Customer_1052,31
REV-1C6B6F92,2023-02-09,4,The Omega-3 Fish Oil Supplement exceeded expectations. Love the natural ingredients!,False,Turmeric Anti-Inflammatory Tablets,Customer_7341,28
REV-1AAF4C88,2023-06-07,1,One star is too generous. Dropper broke inside the bottle.,False,Omega-3 Fish Oil Supplement,Customer_4609,12
REV-818C513A,2023-06-26,4,Just received my order and best purchase I've made this year. Great job!,True,Omega-3 Fish Oil Supplement,Customer_6912,19
REV-D966D8E7,2024-07-16,1,One star is too generous. Waited 45 minutes on chat with no help.,True,PureGlow Cleansing Balm,Customer_7871,17
REV-BE5E2D41,2024-06-24,5,Customer service was super helpful. Been using for 2 months now.,True,HydraBoost Daily Moisturizer,Customer_1332,48
REV-A205EEE3,2023-12-17,3,Decent quality but slow shipping. It's fine I guess.,True,Collagen Beauty Powder,Customer_5900,6
REV-690FBAC6,2023-01-05,4,The Collagen Beauty Powder exceeded expectations. Great value for money!,True,Radiance Vitamin C Serum,Customer_5908,44
REV-88A947C8,2024-11-16,5,I absolutely love this product! The HydraBoost Daily Moisturizer is amazing.,True,PureGlow Cleansing Balm,Customer_8707,21
REV-FBBC65D7,2024-08-30,2,No protective packaging at all. I want a refund immediately.,False,PureGlow Cleansing Balm,Customer_5575,44
REV-CBC99C0C,2024-04-28,1,DO NOT BUY. Packaging looks cheap for the price. This company doesn't care.,True,Turmeric Anti-Inflammatory Tablets,Customer_8624,23
REV-0AD69792,2024-04-27,4,I packaging was beautiful and secure! The Omega-3 Fish Oil Supplement is amazing.,True,Turmeric Anti-Inflammatory Tablets,Customer_4115,32
REV-ADB6BCB0,2024-05-13,5,I exceeded my expectations! The Probiotic Gut Health Capsules is amazing.,True,Youth Renewal Night Cream,Customer_1096,12
REV-86D48FFF,2024-01-24,1,Terrible experience. Delivery was delayed by 2 weeks. Avoid this product.,True,Youth Renewal Night Cream,Customer_6416,1
REV-D088C960,2023-12-13,5,Just received my order and absolutely love this product. Great job!,False,Probiotic Gut Health Capsules,Customer_6731,30
REV-38F0EE4C,2023-01-29,3,Works but takes time to see results. It's fine I guess.,False,Omega-3 Fish Oil Supplement,Customer_4734,36
REV-8C11C17E,2024-06-25,4,Customer service was super helpful! Shipping was fast too.,True,Youth Renewal Night Cream,Customer_5753,16
REV-4C7D06D0,2023-07-04,3,It's okay nothing special. It's fine I guess.,True,HydraBoost Daily Moisturizer,Customer_4869,23
REV-BD285D13,2023-08-01,1,Cap was loose and product spilled. I want a refund immediately.,True,Omega-3 Fish Oil Supplement,Customer_2679,45
REV-1008936E,2024-08-02,4,I this brand really cares about customers! The Youth Renewal Night Cream is amazing.,True,Collagen Beauty Powder,Customer_1179,18
REV-CBB1B832,2024-09-30,4,Just received my order and best purchase I've made this year. Great job!,True,Omega-3 Fish Oil Supplement,Customer_5404,4
REV-AA9AE350,2024-11-09,5,Love the natural ingredients! Shipping was fast too.,True,Collagen Beauty Powder,Customer_3279,37
REV-8AF02659,2023-12-18,5,Fast shipping and great quality. Been using for 2 months now.,True,Youth Renewal Night Cream,Customer_9662,4
REV-D3CB4813,2023-05-13,2,Support said they can't help with this. I want a refund immediately.,True,Collagen Beauty Powder,Customer_6418,25
REV-06EE48C5,2023-06-04,2,The PureGlow Cleansing Balm discount code didn't apply. Very frustrated with this purchase.,True,Collagen Beauty Powder,Customer_8206,30
REV-447EB9D0,2023-05-06,1,Ordered the Collagen Beauty Powder and hard to find cancel button. So angry right now.,True,Omega-3 Fish Oil Supplement,Customer_5870,25
REV-D0320FC9,2023-11-18,5,Just received my order and will definitely repurchase. Great job!,True,Youth Renewal Night Cream,Customer_1547,10
REV-808FD72F,2023-06-28,1,Waste of money. Took 2 weeks to get a response. Customer service was no help.,True,Collagen Beauty Powder,Customer_1753,69
REV-A5DC5CDC,2024-08-30,4,I packaging was beautiful and secure! The Probiotic Gut Health Capsules is amazing.,True,PureGlow Cleansing Balm,Customer_6809,3
REV-DE213E9D,2023-04-11,4,The Probiotic Gut Health Capsules exceeded expectations. Best purchase i've made this year!,True,Turmeric Anti-Inflammatory Tablets,Customer_3939,35
REV-0B1F6547,2024-02-16,2,Charged twice for same order. I want a refund immediately.,False,PureGlow Cleansing Balm,Customer_7180,27
REV-3A1092DE,2024-05-14,1,Waste of money. Shipping cost more than the product. Customer service was no help.,True,PureGlow Cleansing Balm,Customer_8199,96
REV-2C3D4912,2023-03-02,5,The HydraBoost Daily Moisturizer exceeded expectations. Gentle on sensitive skin!,True,Radiance Vitamin C Serum,Customer_4498,32
REV-16616756,2023-12-27,4,My skin has never looked better! Shipping was fast too.,True,Omega-3 Fish Oil Supplement,Customer_4295,5
REV-20893393,2023-07-16,5,Love the natural ingredients. Been using for 2 months now.,False,PureGlow Cleansing Balm,Customer_3720,24
REV-BF6E728E,2023-12-14,5,The PureGlow Cleansing Balm exceeded expectations. Highly recommend to friends!,True,Omega-3 Fish Oil Supplement,Customer_3958,30
REV-80B9DFD8,2024-09-19,3,Works but takes time to see results. It's fine I guess.,True,PureGlow Cleansing Balm,Customer_6302,27
REV-FF1FD6F7,2023-03-01,1,Very disappointed. The delivery was delayed by 2 weeks. Won't buy again.,True,HydraBoost Daily Moisturizer,Customer_8956,67
REV-50F20669,2024-07-14,1,Ordered the Collagen Beauty Powder and pump dispenser doesn't work. So angry right now.,True,Turmeric Anti-Inflammatory Tablets,Customer_9336,35
REV-0AFDD92B,2023-08-11,2,Waste of money. Wrong item was sent. Customer service was no help.,False,Youth Renewal Night Cream,Customer_4988,44
REV-FCC8A7EC,2023-05-01,4,Just received my order and absolutely love this product. Great job!,True,Probiotic Gut Health Capsules,Customer_4278,14
REV-C28F1291,2024-03-23,5,Just received my order and this brand really cares about customers. Great job!,True,PureGlow Cleansing Balm,Customer_1224,31
REV-1922A249,2023-11-25,5,Product works exactly as described! Shipping was fast too.,True,Collagen Beauty Powder,Customer_8734,43
REV-89CA7162,2024-10-19,2,The HydraBoost Daily Moisturizer got generic copy-paste responses. Very frustrated with this purchase.,True,Youth Renewal Night Cream,Customer_1692,40
REV-5C7E960A,2024-08-06,5,I packaging was beautiful and secure! The Turmeric Anti-Inflammatory Tablets is amazing.,True,Collagen Beauty Powder,Customer_6933,23
REV-8FC4C105,2024-11-14,4,The Omega-3 Fish Oil Supplement exceeded expectations. Will definitely repurchase!,True,PureGlow Cleansing Balm,Customer_2295,18
REV-4DDE39C3,2023-04-13,5,Highly recommend to friends! Shipping was fast too.,True,PureGlow Cleansing Balm,Customer_3653,30
REV-CD004867,2024-05-23,1,One star is too generous. Agent hung up on me.,True,Probiotic Gut Health Capsules,Customer_7342,51
REV-05291071,2024-10-19,2,Shipping took over 3 weeks. I want a refund immediately.,True,Omega-3 Fish Oil Supplement,Customer_5707,30
REV-5F37FF15,2023-12-25,2,One star is too generous. Support never responded to my email.,True,Turmeric Anti-Inflammatory Tablets,Customer_8409,11
REV-9FB4B5C6,2024-01-06,3,Works but takes time to see results. It's fine I guess.,True,PureGlow Cleansing Balm,Customer_3439,27
REV-7DB3AD4F,2023-02-01,5,I my skin has never looked better! The Probiotic Gut Health Capsules is amazing.,True,Probiotic Gut Health Capsules,Customer_9730,31
REV-50BB3CFA,2024-06-30,4,Just received my order and fast shipping and great quality. Great job!,False,Radiance Vitamin C Serum,Customer_3649,23
REV-4FE31795,2023-12-07,1,Ordered the Youth Renewal Night Cream and caused allergic reaction on my neck. So angry right now.,True,Probiotic Gut Health Capsules,Customer_7837,49
REV-90D30C63,2023-02-06,2,Ordered the Collagen Beauty Powder and tracking number didn't work. So angry right now.,True,Probiotic Gut Health Capsules,Customer_6513,13
REV-A75291EE,2023-02-16,3,Might work for others but not for me. It's fine I guess.,True,HydraBoost Daily Moisturizer,Customer_8183,33
REV-2668B5D7,2024-01-02,5,Will definitely repurchase! Shipping was fast too.,True,Omega-3 Fish Oil Supplement,Customer_6768,0
REV-1AFF249D,2024-08-13,4,My skin has never looked better. Been using for 2 months now.,False,Probiotic Gut Health Capsules,Customer_8395,5
REV-EF8D9E6C,2023-04-01,4,I fast shipping and great quality! The Omega-3 Fish Oil Supplement is amazing.,True,Omega-3 Fish Oil Supplement,Customer_9860,1
REV-330CD59F,2023-09-20,2,Ordered the Youth Renewal Night Cream and cap was loose and product spilled. So angry right now.,True,Turmeric Anti-Inflammatory Tablets,Customer_4665,38
REV-8FE64396,2024-09-04,1,The Radiance Vitamin C Serum order never showed up. Very frustrated with this purchase.,False,Youth Renewal Night Cream,Customer_9664,70
REV-6B04BB73,2023-10-02,1,DO NOT BUY. Package arrived damaged. This company doesn't care.,True,Turmeric Anti-Inflammatory Tablets,Customer_2905,18
REV-2061E3B1,2024-08-06,3,Works but takes time to see results. It's fine I guess.,True,Radiance Vitamin C Serum,Customer_3827,18
REV-CBCAFD9F,2024-04-05,2,The Probiotic Gut Health Capsules pump broke after first use. Very frustrated with this purchase.,True,Radiance Vitamin C Serum,Customer_3342,27
REV-8A0AABA0,2023-09-06,3,Not bad but not amazing either. It's fine I guess.,True,Radiance Vitamin C Serum,Customer_3332,6
REV-9EAA8DB5,2023-10-16,5,The PureGlow Cleansing Balm exceeded expectations. Love the natural ingredients!,True,PureGlow Cleansing Balm,Customer_6660,41
REV-CABDA401,2024-08-03,1,Ordered the Probiotic Gut Health Capsules and made my skin red and irritated. So angry right now.,True,HydraBoost Daily Moisturizer,Customer_1008,12
REV-65B93358,2024-07-08,4,Just received my order and gentle on sensitive skin. Great job!,True,Omega-3 Fish Oil Supplement,Customer_6940,22
REV-77608B23,2024-04-07,5,The HydraBoost Daily Moisturizer exceeded expectations. Exceeded my expectations!,True,HydraBoost Daily Moisturizer,Customer_7539,48
REV-CD45961C,2023-04-02,4,Just received my order and this brand really cares about customers. Great job!,True,Probiotic Gut Health Capsules,Customer_9415,45
REV-380F24F7,2024-12-24,3,Not bad but not amazing either. It's fine I guess.,True,HydraBoost Daily Moisturizer,Customer_4421,14
REV-F138F6BB,2024-11-02,5,Will definitely repurchase. Been using for 2 months now.,True,Probiotic Gut Health Capsules,Customer_5526,8
REV-F250FA18,2024-10-24,2,One star is too generous. Caused allergic reaction on my neck.,True,PureGlow Cleansing Balm,Customer_4258,11
REV-0306FC6B,2024-12-28,4,Just received my order and product works exactly as described. Great job!,True,Omega-3 Fish Oil Supplement,Customer_1401,21
REV-CC507804,2024-04-24,1,Terrible experience. Customs held my order for a month. Avoid this product.,True,HydraBoost Daily Moisturizer,Customer_2528,84
REV-BAEB2396,2023-07-25,4,I absolutely love this product! The Youth Renewal Night Cream is amazing.,True,Radiance Vitamin C Serum,Customer_3786,29
REV-E69C9AE1,2024-04-27,2,The Probiotic Gut Health Capsules took 2 weeks to get a response. Very frustrated with this purchase.,True,Youth Renewal Night Cream,Customer_4568,15
REV-4EB836FD,2023-12-18,4,Exceeded my expectations. Been using for 2 months now.,True,HydraBoost Daily Moisturizer,Customer_7475,21
REV-77F9F121,2023-08-25,2,DO NOT BUY. Cap was loose and product spilled. This company doesn't care.,False,Turmeric Anti-Inflammatory Tablets,Customer_9086,24
REV-D61A4CC4,2023-05-08,2,The Omega-3 Fish Oil Supplement pump broke after first use. Very frustrated with this purchase.,True,PureGlow Cleansing Balm,Customer_2424,21
REV-59389DFC,2024-03-03,3,Would consider other options next time. It's fine I guess.,True,Turmeric Anti-Inflammatory Tablets,Customer_8708,29
REV-9B4D31FE,2024-06-26,5,The Probiotic Gut Health Capsules exceeded expectations. Highly recommend to friends!,True,Radiance Vitamin C Serum,Customer_5458,7
REV-5066C1DB,2024-04-12,1,One star is too generous. Tracking number didn't work.,False,Turmeric Anti-Inflammatory Tablets,Customer_1699,74
REV-FBEA5797,2023-06-07,3,Average product for the price. It's fine I guess.,True,Radiance Vitamin C Serum,Customer_6356,11
REV-470E6821,2023-03-13,5,Just received my order and love the natural ingredients. Great job!,True,Collagen Beauty Powder,Customer_4593,14
REV-A9529B0F,2023-06-01,5,I customer service was super helpful! The Collagen Beauty Powder is amazing.,False,Youth Renewal Night Cream,Customer_6575,24
REV-85D0967B,2023-01-14,1,Discount code didn't apply. I want a refund immediately.,True,HydraBoost Daily Moisturizer,Customer_8697,7
REV-515E1074,2023-10-22,1,Very disappointed. The customs held my order for a month. Won't buy again.,True,PureGlow Cleansing Balm,Customer_5850,22
REV-7AF07624,2024-08-25,4,Gentle on sensitive skin! Shipping was fast too.,True,Omega-3 Fish Oil Supplement,Customer_7728,32
REV-6E4A4DC8,2024-11-14,2,DO NOT BUY. Package left in rain. This company doesn't care.,True,Probiotic Gut Health Capsules,Customer_6361,38
REV-E4679D6E,2024-08-22,2,The Omega-3 Fish Oil Supplement took 2 weeks to get a response. Very frustrated with this purchase.,True,PureGlow Cleansing Balm,Customer_3145,22
REV-2E487D8B,2024-04-05,5,Fast shipping and great quality. Been using for 2 months now.,False,PureGlow Cleansing Balm,Customer_4260,25
REV-CD133E8C,2024-07-21,5,Best purchase i've made this year. Been using for 2 months now.,True,Collagen Beauty Powder,Customer_9840,27
REV-D2760782,2024-02-12,5,Just received my order and customer service was super helpful. Great job!,False,Collagen Beauty Powder,Customer_6299,8
REV-ECE8217B,2024-11-23,1,Very disappointed. The support said they can't help with this. Won't buy again.,True,Radiance Vitamin C Serum,Customer_2351,58
REV-817E91D0,2023-04-15,1,Ordered the Probiotic Gut Health Capsules and didn't see any results after 3 weeks. So angry right now.,False,Youth Renewal Night Cream,Customer_5925,98
REV-1E711411,2023-11-16,1,Terrible experience. Label peeled off immediately. Avoid this product.,False,PureGlow Cleansing Balm,Customer_8412,57
REV-BF1338FB,2024-08-26,2,Delivery was delayed by 2 weeks. I want a refund immediately.,True,Turmeric Anti-Inflammatory Tablets,Customer_1060,18
REV-5FFA50AF,2024-01-12,4,Noticed results in just one week! Shipping was fast too.,False,PureGlow Cleansing Balm,Customer_7777,49
REV-A28D1C2A,2024-01-03,2,Ordered the Radiance Vitamin C Serum and made my skin red and irritated. So angry right now.,True,PureGlow Cleansing Balm,Customer_2835,18
REV-DD9357FD,2023-01-23,5,I this brand really cares about customers! The Omega-3 Fish Oil Supplement is amazing.,False,Radiance Vitamin C Serum,Customer_7428,4
REV-351A977B,2024-05-29,2,One star is too generous. Couldn't cancel my subscription.,True,Youth Renewal Night Cream,Customer_5513,33
REV-200F0A5C,2023-05-05,1,The Radiance Vitamin C Serum refund still hasn't processed. Very frustrated with this purchase.,True,HydraBoost Daily Moisturizer,Customer_6541,66
REV-440564A7,2023-07-28,4,Great value for money. Been using for 2 months now.,False,HydraBoost Daily Moisturizer,Customer_9450,25
REV-D6994006,2024-04-15,1,The HydraBoost Daily Moisturizer they made cancellation intentionally difficult. Very frustrated with this purchase.,True,Collagen Beauty Powder,Customer_1025,60
REV-EA07FA3B,2024-02-21,4,Exceeded my expectations. Been using for 2 months now.,True,HydraBoost Daily Moisturizer,Customer_2787,2
REV-5FC1E007,2024-04-12,4,Absolutely love this product. Been using for 2 months now.,True,Youth Renewal Night Cream,Customer_1650,12
REV-D16601A3,2023-07-28,5,Noticed results in just one week. Been using for 2 months now.,True,HydraBoost Daily Moisturizer,Customer_9436,25
REV-2359D1C0,2023-07-31,4,Packaging was beautiful and secure. Been using for 2 months now.,True,HydraBoost Daily Moisturizer,Customer_1805,49
REV-8339F8B0,2024-10-30,4,Absolutely love this product! Shipping was fast too.,True,HydraBoost Daily Moisturizer,Customer_6601,13
REV-6615D84C,2023-07-01,1,Charged twice for same order. I want a refund immediately.,True,Collagen Beauty Powder,Customer_8843,53
REV-AA5C76A4,2023-02-11,1,One star is too generous. Packaging looks cheap for the price.,True,HydraBoost Daily Moisturizer,Customer_1236,38
REV-0787261C,2023-10-24,2,Ordered the PureGlow Cleansing Balm and caused breakout within days. So angry right now.,True,Youth Renewal Night Cream,Customer_4113,21
REV-4BDD60D8,2023-09-29,1,Very disappointed. The took 2 weeks to get a response. Won't buy again.,False,Omega-3 Fish Oil Supplement,Customer_1307,88
REV-E40E521C,2024-08-18,3,Works but takes time to see results. It's fine I guess.,False,Youth Renewal Night Cream,Customer_5536,20
REV-91A273F8,2024-09-17,1,One star is too generous. Hard to find cancel button.,True,PureGlow Cleansing Balm,Customer_6355,75
REV-C5B294FB,2024-08-02,4,Just received my order and product works exactly as described. Great job!,False,HydraBoost Daily Moisturizer,Customer_8223,23
REV-0B7B3D91,2024-03-16,1,Ordered the Youth Renewal Night Cream and hard to find cancel button. So angry right now.,True,PureGlow Cleansing Balm,Customer_3784,15
REV-C94591D6,2024-02-26,3,It's okay nothing special. It's fine I guess.,True,Radiance Vitamin C Serum,Customer_2023,13
REV-34DA9831,2024-02-14,4,Fast shipping and great quality. Been using for 2 months now.,True,HydraBoost Daily Moisturizer,Customer_6648,33
REV-820672F1,2024-01-28,1,Terrible experience. Pump broke after first use. Avoid this product.,True,Probiotic Gut Health Capsules,Customer_8130,66
REV-04353651,2024-10-31,2,Caused breakout within days. I want a refund immediately.,False,PureGlow Cleansing Balm,Customer_7758,41
REV-982B01B4,2024-06-15,2,One star is too generous. Label peeled off immediately.,False,Youth Renewal Night Cream,Customer_2751,36
REV-6689DE42,2023-03-30,1,The Radiance Vitamin C Serum dropper broke inside the bottle. Very frustrated with this purchase.,True,PureGlow Cleansing Balm,Customer_2626,42
REV-AE6A7211,2024-09-03,5,Absolutely love this product. Been using for 2 months now.,True,Collagen Beauty Powder,Customer_3424,17
REV-C8F0BCEC,2023-08-01,4,Just received my order and love the natural ingredients. Great job!,True,Youth Renewal Night Cream,Customer_8246,12
REV-C8E9CE0C,2023-11-26,4,This brand really cares about customers! Shipping was fast too.,True,Radiance Vitamin C Serum,Customer_6051,29
REV-C6441241,2023-01-12,1,Ordered the Collagen Beauty Powder and waited 45 minutes on chat with no help. So angry right now.,True,Probiotic Gut Health Capsules,Customer_2912,64
REV-65B85EDE,2023-09-16,1,The Collagen Beauty Powder refund still hasn't processed. Very frustrated with this purchase.,True,Probiotic Gut Health Capsules,Customer_6762,8
REV-BBC8B125,2023-01-25,2,Terrible experience. Waited 45 minutes on chat with no help. Avoid this product.,True,HydraBoost Daily Moisturizer,Customer_7084,36
REV-E172747F,2023-12-21,3,Might work for others but not for me. It's fine I guess.,True,Collagen Beauty Powder,Customer_2854,22
REV-0D871ABE,2024-08-05,1,Very disappointed. The texture changed from previous order. Won't buy again.,True,Omega-3 Fish Oil Supplement,Customer_4781,44
REV-3E7F9035,2024-07-11,3,Would consider other options next time. It's fine I guess.,True,Probiotic Gut Health Capsules,Customer_5608,50
REV-853A03A7,2024-07-01,1,DO NOT BUY. Cap was loose and product spilled. This company doesn't care.,True,Probiotic Gut Health Capsules,Customer_3867,62
REV-94245322,2024-10-31,3,Decent quality but slow shipping. It's fine I guess.,False,Youth Renewal Night Cream,Customer_8127,14
REV-D5329F29,2023-12-24,2,Ordered the Collagen Beauty Powder and got generic copy-paste responses. So angry right now.,True,Probiotic Gut Health Capsules,Customer_6709,13
REV-86C63918,2023-12-02,1,Dropper broke inside the bottle. I want a refund immediately.,True,Turmeric Anti-Inflammatory Tablets,Customer_3997,17
REV-5655E2B5,2023-05-07,3,Might work for others but not for me. It's fine I guess.,False,Omega-3 Fish Oil Supplement,Customer_2296,29
REV-7CD22DFE,2024-09-16,1,Terrible experience. Charged after i cancelled. Avoid this product.,True,Collagen Beauty Powder,Customer_5812,2
REV-58398223,2023-10-11,2,Very disappointed. The order never showed up. Won't buy again.,True,Omega-3 Fish Oil Supplement,Customer_1148,2
REV-05D33E2A,2024-09-12,4,Gentle on sensitive skin! Shipping was fast too.,True,Turmeric Anti-Inflammatory Tablets,Customer_8914,16
REV-38D25F10,2023-07-27,1,Waste of money. Pump broke after first use. Customer service was no help.,False,HydraBoost Daily Moisturizer,Customer_2570,19
REV-65A40068,2023-07-20,4,I product works exactly as described! The PureGlow Cleansing Balm is amazing.,False,HydraBoost Daily Moisturizer,Customer_3419,30
REV-3CF37B84,2024-07-15,5,I exceeded my expectations! The Omega-3 Fish Oil Supplement is amazing.,True,Turmeric Anti-Inflammatory Tablets,Customer_9092,41
REV-DB967099,2023-12-03,1,Very disappointed. The cap was loose and product spilled. Won't buy again.,True,Probiotic Gut Health Capsules,Customer_1287,41
REV-0045C1C7,2024-10-30,5,This brand really cares about customers. Been using for 2 months now.,True,Youth Renewal Night Cream,Customer_8259,13
REV-7D7A29E3,2023-06-05,1,One star is too generous. Product separated in the bottle.,True,HydraBoost Daily Moisturizer,Customer_2394,98
REV-148C8557,2024-03-29,5,My skin has never looked better! Shipping was fast too.,True,Turmeric Anti-Inflammatory Tablets,Customer_1379,20
REV-72261F6B,2023-12-17,4,I fast shipping and great quality! The HydraBoost Daily Moisturizer is amazing.,True,Radiance Vitamin C Serum,Customer_4402,33
REV-18D2D0C6,2023-09-06,3,Average product for the price. It's fine I guess.,True,Youth Renewal Night Cream,Customer_2989,37
REV-52E0390D,2023-02-17,1,The Youth Renewal Night Cream label peeled off immediately. Very frustrated with this purchase.,True,Probiotic Gut Health Capsules,Customer_7289,4
REV-0276E31C,2024-06-07,5,Great value for money. Been using for 2 months now.,True,HydraBoost Daily Moisturizer,Customer_9042,44
REV-E47E1177,2023-12-19,1,DO NOT BUY. Label peeled off immediately. This company doesn't care.,True,PureGlow Cleansing Balm,Customer_5005,55
REV-64E527B9,2024-07-12,1,The Radiance Vitamin C Serum shipping took over 3 weeks. Very frustrated with this purchase.,True,HydraBoost Daily Moisturizer,Customer_7988,22
REV-7ACB457A,2023-11-21,3,Decent quality but slow shipping. It's fine I guess.,True,Collagen Beauty Powder,Customer_3279,40
REV-ACA90000,2023-07-16,4,Just received my order and this brand really cares about customers. Great job!,True,HydraBoost Daily Moisturizer,Customer_3327,34
REV-C67803DE,2023-04-07,2,The Turmeric Anti-Inflammatory Tablets hidden fees appeared at checkout. Very frustrated with this purchase.,False,Radiance Vitamin C Serum,Customer_7252,46
REV-83B81717,2024-01-21,1,The Probiotic Gut Health Capsules tracking number didn't work. Very frustrated with this purchase.,True,PureGlow Cleansing Balm,Customer_8532,77
REV-5DEF1492,2023-03-03,2,Waste of money. Subscription price increased without notice. Customer service was no help.,True,Turmeric Anti-Inflammatory Tablets,Customer_2596,31
REV-DC26BAC5,2023-01-17,5,Product works exactly as described. Been using for 2 months now.,True,Youth Renewal Night Cream,Customer_4357,5
REV-38BDA529,2023-11-22,5,Just received my order and noticed results in just one week. Great job!,True,Collagen Beauty Powder,Customer_3297,32
REV-EF58EE72,2024-04-06,1,DO NOT BUY. Product separated in the bottle. This company doesn't care.,True,Youth Renewal Night Cream,Customer_9914,84
REV-AE90C0F2,2024-01-10,4,The Omega-3 Fish Oil Supplement exceeded expectations. Packaging was beautiful and secure!,True,HydraBoost Daily Moisturizer,Customer_7022,32
REV-35138CFE,2024-02-02,5,Gentle on sensitive skin. Been using for 2 months now.,True,Turmeric Anti-Inflammatory Tablets,Customer_2467,45
REV-AC26D937,2023-07-08,4,Customer service was super helpful! Shipping was fast too.,False,Omega-3 Fish Oil Supplement,Customer_9086,3
REV-1E9FDEF2,2023-09-09,4,The PureGlow Cleansing Balm exceeded expectations. Gentle on sensitive skin!,True,HydraBoost Daily Moisturizer,Customer_9904,9
REV-2A9C98BD,2023-04-15,4,The Youth Renewal Night Cream exceeded expectations. My skin has never looked better!,False,HydraBoost Daily Moisturizer,Customer_4571,7
REV-8FC8EC69,2024-02-27,5,I my skin has never looked better! The Probiotic Gut Health Capsules is amazing.,True,Radiance Vitamin C Serum,Customer_3391,37
REV-3D10B490,2023-01-19,5,Just received my order and love the natural ingredients. Great job!,True,Radiance Vitamin C Serum,Customer_5695,43
REV-35A24D8D,2024-08-31,1,Terrible experience. Caused breakout within days. Avoid this product.,True,Collagen Beauty Powder,Customer_7072,77
REV-F85ACDBC,2023-08-17,1,Very disappointed. The cap was loose and product spilled. Won't buy again.,False,Turmeric Anti-Inflammatory Tablets,Customer_9802,50
REV-4FB68689,2024-07-05,4,My skin has never looked better! Shipping was fast too.,True,Youth Renewal Night Cream,Customer_1983,30
REV-B4DFC933,2024-03-22,3,Might work for others but not for me. It's fine I guess.,True,Omega-3 Fish Oil Supplement,Customer_7956,33
REV-7CA2D32E,2024-07-20,2,DO NOT BUY. Refund still hasn't processed. This company doesn't care.,True,Radiance Vitamin C Serum,Customer_9341,43
REV-A4E52210,2023-08-17,5,The Turmeric Anti-Inflammatory Tablets exceeded expectations. Will definitely repurchase!,False,Omega-3 Fish Oil Supplement,Customer_5052,35
REV-37DB0D0D,2023-09-23,5,I love the natural ingredients! The Turmeric Anti-Inflammatory Tablets is amazing.,True,Collagen Beauty Powder,Customer_1207,38
REV-5779BFEF,2024-05-30,1,Terrible experience. Cap was loose and product spilled. Avoid this product.,False,Turmeric Anti-Inflammatory Tablets,Customer_8265,1
REV-F5848FC9,2024-09-19,4,I exceeded my expectations! The Youth Renewal Night Cream is amazing.,True,Radiance Vitamin C Serum,Customer_9625,34
REV-CF98CE96,2023-04-20,2,Very disappointed. The they made cancellation intentionally difficult. Won't buy again.,True,Radiance Vitamin C Serum,Customer_4519,38
REV-CEB67DF7,2023-07-27,1,DO NOT BUY. Package arrived damaged. This company doesn't care.,True,Youth Renewal Night Cream,Customer_3606,32
REV-E80EA4DF,2024-06-03,3,Might work for others but not for me. It's fine I guess.,True,Radiance Vitamin C Serum,Customer_2966,16
REV-667894A0,2023-12-23,4,The HydraBoost Daily Moisturizer exceeded expectations. Absolutely love this product!,False,Radiance Vitamin C Serum,Customer_3170,10
REV-7686C2F3,2024-10-23,4,The PureGlow Cleansing Balm exceeded expectations. Best purchase i've made this year!,True,Turmeric Anti-Inflammatory Tablets,Customer_5703,22
REV-D88E7E0B,2023-03-20,3,Average product for the price. It's fine I guess.,True,Turmeric Anti-Inflammatory Tablets,Customer_7210,33
REV-FC5E361C,2024-08-30,5,I absolutely love this product! The Turmeric Anti-Inflammatory Tablets is amazing.,False,Probiotic Gut Health Capsules,Customer_5783,33
REV-EEE580D4,2023-12-03,4,Absolutely love this product! Shipping was fast too.,False,Radiance Vitamin C Serum,Customer_7842,47
REV-3A7F12B8,2024-11-07,3,Not bad but not amazing either. It's fine I guess.,False,Youth Renewal Night Cream,Customer_3015,24
REV-1BF0A75A,2023-04-28,1,Terrible experience. Didn't see any results after 3 weeks. Avoid this product.,False,Radiance Vitamin C Serum,Customer_4486,4
REV-69D7A8AC,2024-03-30,3,Average product for the price. It's fine I guess.,True,Omega-3 Fish Oil Supplement,Customer_1239,1
REV-714C9736,2023-07-27,2,Texture changed from previous order. I want a refund immediately.,True,Collagen Beauty Powder,Customer_5701,35
REV-C417721E,2024-10-02,3,Decent quality but slow shipping. It's fine I guess.,True,Turmeric Anti-Inflammatory Tablets,Customer_1039,20
REV-6966149A,2024-05-07,4,This brand really cares about customers! Shipping was fast too.,True,Omega-3 Fish Oil Supplement,Customer_5487,9
REV-DF9CB966,2023-01-19,1,DO NOT BUY. Wrong item was sent. This company doesn't care.,False,Youth Renewal Night Cream,Customer_1933,21
REV-D826A27D,2023-04-07,5,Will definitely repurchase! Shipping was fast too.,True,PureGlow Cleansing Balm,Customer_9577,43
REV-2F105E74,2024-03-22,5,The Probiotic Gut Health Capsules exceeded expectations. Absolutely love this product!,True,Turmeric Anti-Inflammatory Tablets,Customer_4043,19
REV-79A6A421,2023-10-30,4,I love the natural ingredients! The Turmeric Anti-Inflammatory Tablets is amazing.,True,Omega-3 Fish Oil Supplement,Customer_5009,20
REV-CE608E94,2023-08-09,5,Great value for money! Shipping was fast too.,True,Probiotic Gut Health Capsules,Customer_4608,32
REV-F896CCCC,2023-11-29,3,Decent quality but slow shipping. It's fine I guess.,True,Omega-3 Fish Oil Supplement,Customer_3771,48
REV-7947E7E3,2023-12-28,4,The Radiance Vitamin C Serum exceeded expectations. Love the natural ingredients!,False,Youth Renewal Night Cream,Customer_8229,10
REV-3F2DF159,2024-07-21,2,One star is too generous. Customs held my order for a month.,True,PureGlow Cleansing Balm,Customer_2627,35
REV-2CA9D440,2023-11-21,2,Very disappointed. The waited 45 minutes on chat with no help. Won't buy again.,True,PureGlow Cleansing Balm,Customer_4765,34
REV-6BBF68AD,2023-01-31,5,I highly recommend to friends! The Radiance Vitamin C Serum is amazing.,False,Omega-3 Fish Oil Supplement,Customer_6521,11
REV-71387560,2024-11-17,3,Does what it says but slowly. It's fine I guess.,True,Turmeric Anti-Inflammatory Tablets,Customer_9053,18
REV-09DD53A5,2024-10-10,5,Packaging was beautiful and secure! Shipping was fast too.,True,Omega-3 Fish Oil Supplement,Customer_5092,32
REV-58CF4D8D,2024-02-18,5,Absolutely love this product. Been using for 2 months now.,True,Youth Renewal Night Cream,Customer_1302,48
REV-79FB3B97,2024-06-12,4,Great value for money! Shipping was fast too.,True,Collagen Beauty Powder,Customer_2012,21
REV-561AB285,2023-07-09,1,Waste of money. Bottle was only half full. Customer service was no help.,True,Omega-3 Fish Oil Supplement,Customer_5222,58
REV-1A00A347,2024-11-09,2,Terrible experience. Cap was loose and product spilled. Avoid this product.,True,Radiance Vitamin C Serum,Customer_3343,34
REV-575B7C6B,2023-03-25,5,The Turmeric Anti-Inflammatory Tablets exceeded expectations. Great value for money!,True,Probiotic Gut Health Capsules,Customer_7392,7
REV-16871666,2024-03-13,4,I love the natural ingredients! The Omega-3 Fish Oil Supplement is amazing.,True,HydraBoost Daily Moisturizer,Customer_4640,8
REV-F59B9EBF,2024-04-30,2,Ordered the HydraBoost Daily Moisturizer and charged after I cancelled. So angry right now.,True,Omega-3 Fish Oil Supplement,Customer_2957,36
REV-20B78D29,2024-05-31,2,Ordered the Probiotic Gut Health Capsules and bottle leaked all over the box. So angry right now.,True,Youth Renewal Night Cream,Customer_1504,18
REV-7F8095AE,2024-04-06,1,DO NOT BUY. Shipping took over 3 weeks. This company doesn't care.,False,Youth Renewal Night Cream,Customer_2144,78
REV-7E98B543,2024-08-26,3,Does what it says but slowly. It's fine I guess.,True,Turmeric Anti-Inflammatory Tablets,Customer_6021,47
REV-7ED73A3E,2023-09-01,1,The Radiance Vitamin C Serum package left in rain. Very frustrated with this purchase.,False,PureGlow Cleansing Balm,Customer_5840,53
REV-5B60DBE3,2023-05-22,1,Seal was already broken. I want a refund immediately.,True,Turmeric Anti-Inflammatory Tablets,Customer_7870,66
REV-29AF24EF,2024-08-27,5,Absolutely love this product. Been using for 2 months now.,False,Collagen Beauty Powder,Customer_4518,37
REV-E89D03EF,2023-03-04,5,Love the natural ingredients. Been using for 2 months now.,True,Collagen Beauty Powder,Customer_8192,11
REV-230FA649,2024-09-15,5,The HydraBoost Daily Moisturizer exceeded expectations. Love the natural ingredients!,True,PureGlow Cleansing Balm,Customer_7183,37
REV-612C1385,2024-06-12,1,Ordered the Omega-3 Fish Oil Supplement and auto-renewal happened without warning. So angry right now.,True,Probiotic Gut Health Capsules,Customer_1134,59
REV-24355DF3,2024-11-26,5,I exceeded my expectations! The Radiance Vitamin C Serum is amazing.,True,Turmeric Anti-Inflammatory Tablets,Customer_8685,33
REV-0026D263,2023-03-09,3,Not bad but not amazing either. It's fine I guess.,True,Youth Renewal Night Cream,Customer_8947,15
REV-8AEAA473,2023-05-01,5,Just received my order and noticed results in just one week. Great job!,True,Collagen Beauty Powder,Customer_4636,20
REV-49E16DA8,2024-04-23,1,DO NOT BUY. Caused breakout within days. This company doesn't care.,True,Probiotic Gut Health Capsules,Customer_9548,49
REV-C927ED28,2024-06-15,5,I customer service was super helpful! The PureGlow Cleansing Balm is amazing.,True,Youth Renewal Night Cream,Customer_8154,8
REV-71FAA703,2023-01-17,1,One star is too generous. Pump dispenser doesn't work.,False,HydraBoost Daily Moisturizer,Customer_7440,24
REV-D041AD59,2023-05-03,5,My skin has never looked better. Been using for 2 months now.,True,HydraBoost Daily Moisturizer,Customer_2225,0
REV-576639A0,2023-12-03,5,Love the natural ingredients! Shipping was fast too.,True,PureGlow Cleansing Balm,Customer_4149,10
REV-3434A611,2024-01-20,2,DO NOT BUY. They ignored my refund request. This company doesn't care.,True,Radiance Vitamin C Serum,Customer_7694,2
REV-0E06F850,2023-09-20,2,One star is too generous. They made cancellation intentionally difficult.,True,Turmeric Anti-Inflammatory Tablets,Customer_7974,18
REV-CEE85EB3,2023-03-25,1,Terrible experience. Seal was already broken. Avoid this product.,False,HydraBoost Daily Moisturizer,Customer_3609,27
REV-F7B1C2E2,2024-03-19,1,Charged after i cancelled. I want a refund immediately.,True,HydraBoost Daily Moisturizer,Customer_5409,45
REV-CD84693C,2023-10-27,1,Ordered the Collagen Beauty Powder and smells rancid like old oil. So angry right now.,True,HydraBoost Daily Moisturizer,Customer_4054,54
REV-53BC42C3,2024-03-15,2,Ordered the Youth Renewal Night Cream and jar arrived cracked. So angry right now.,True,Youth Renewal Night Cream,Customer_5068,19
REV-AFA344EC,2024-05-15,4,The Probiotic Gut Health Capsules exceeded expectations. My skin has never looked better!,True,Turmeric Anti-Inflammatory Tablets,Customer_3403,34
REV-4FD21289,2023-07-13,3,It's okay nothing special. It's fine I guess.,True,Probiotic Gut Health Capsules,Customer_8385,49
REV-ADA26827,2024-11-27,4,The Radiance Vitamin C Serum exceeded expectations. Noticed results in just one week!,True,Omega-3 Fish Oil Supplement,Customer_1042,42
REV-5D90C457,2023-04-06,3,Average product for the price. It's fine I guess.,True,Turmeric Anti-Inflammatory Tablets,Customer_3708,36
REV-BB4E8FE9,2024-10-21,4,Just received my order and my skin has never looked better. Great job!,True,PureGlow Cleansing Balm,Customer_9239,42
REV-3018DA7F,2023-05-16,3,Not bad but not amazing either. It's fine I guess.,True,Turmeric Anti-Inflammatory Tablets,Customer_4955,32
REV-E0567CC6,2024-03-09,4,Highly recommend to friends. Been using for 2 months now.,True,Radiance Vitamin C Serum,Customer_2144,1
REV-8DFE4587,2023-07-14,5,Just received my order and love the natural ingredients. Great job!,True,Turmeric Anti-Inflammatory Tablets,Customer_2153,47
REV-9573A300,2024-04-10,2,One star is too generous. Agent hung up on me.,True,Probiotic Gut Health Capsules,Customer_6812,41
REV-E124F357,2023-07-30,4,Absolutely love this product! Shipping was fast too.,True,Youth Renewal Night Cream,Customer_1069,29
REV-9D5F16C7,2024-12-15,3,Average product for the price. It's fine I guess.,True,Radiance Vitamin C Serum,Customer_9504,7
REV-51AD80C1,2024-04-17,2,Very disappointed. The support never responded to my email. Won't buy again.,True,Collagen Beauty Powder,Customer_7619,6
REV-DE51404C,2024-08-10,5,The HydraBoost Daily Moisturizer exceeded expectations. Customer service was super helpful!,True,HydraBoost Daily Moisturizer,Customer_9035,43
REV-07CDD504,2023-07-10,2,Hard to find cancel button. I want a refund immediately.,True,Radiance Vitamin C Serum,Customer_6252,44
REV-E21BDB66,2023-03-26,2,Waste of money. They ignored my refund request. Customer service was no help.,False,Radiance Vitamin C Serum,Customer_6196,2
REV-29ACEBFB,2024-01-27,5,I exceeded my expectations! The PureGlow Cleansing Balm is amazing.,True,Turmeric Anti-Inflammatory Tablets,Customer_2281,21
REV-DB5BA900,2023-07-03,5,Best purchase i've made this year. Been using for 2 months now.,True,Youth Renewal Night Cream,Customer_4466,29
REV-0390243D,2024-10-20,5,Will definitely repurchase. Been using for 2 months now.,False,Youth Renewal Night Cream,Customer_4009,6
REV-A14AC8AE,2024-07-08,2,Ordered the Probiotic Gut Health Capsules and got generic copy-paste responses. So angry right now.,True,Collagen Beauty Powder,Customer_5835,47
REV-DBAF1F19,2023-07-06,1,Ordered the Turmeric Anti-Inflammatory Tablets and dropper broke inside the bottle. So angry right now.,True,Youth Renewal Night Cream,Customer_9120,62
REV-438ABCB0,2023-11-18,1,Very disappointed. The dropper broke inside the bottle. Won't buy again.,True,Turmeric Anti-Inflammatory Tablets,Customer_9469,15
REV-1521CD53,2024-06-09,1,Very disappointed. The representative was rude and unhelpful. Won't buy again.,True,HydraBoost Daily Moisturizer,Customer_2982,86
REV-B2D2A539,2024-04-24,2,One star is too generous. Order never showed up.,True,Radiance Vitamin C Serum,Customer_7204,22
REV-7BCFEBE0,2023-11-27,2,The Youth Renewal Night Cream hidden fees appeared at checkout. Very frustrated with this purchase.,True,PureGlow Cleansing Balm,Customer_6294,8
REV-E813716E,2024-01-05,1,DO NOT BUY. Charged after i cancelled. This company doesn't care.,False,Collagen Beauty Powder,Customer_6683,8
REV-7B0F5268,2024-12-10,1,Ordered the HydraBoost Daily Moisturizer and nobody answered my phone call. So angry right now.,True,Youth Renewal Night Cream,Customer_3949,32
REV-38F38146,2023-02-23,1,Terrible experience. Pump dispenser doesn't work. Avoid this product.,True,HydraBoost Daily Moisturizer,Customer_2313,57
REV-18CE4C5D,2024-08-25,3,It's okay nothing special. It's fine I guess.,True,Youth Renewal Night Cream,Customer_7830,25
REV-5D764C1D,2023-01-23,5,The Radiance Vitamin C Serum exceeded expectations. Product works exactly as described!,True,Youth Renewal Night Cream,Customer_9617,41
REV-D5B73B60,2023-04-07,1,Waste of money. Seal was already broken. Customer service was no help.,True,Youth Renewal Night Cream,Customer_5536,74
REV-D66A3AD4,2023-10-12,2,Very disappointed. The made my skin red and irritated. Won't buy again.,True,Turmeric Anti-Inflammatory Tablets,Customer_9899,41
REV-62FD9DA2,2024-12-22,3,Decent quality but slow shipping. It's fine I guess.,False,Youth Renewal Night Cream,Customer_3841,45
REV-A75A334A,2023-02-22,2,Hard to find cancel button. I want a refund immediately.,True,Omega-3 Fish Oil Supplement,Customer_5764,12
REV-DBDF07CD,2024-02-19,2,Waste of money. Consistency is too thick and greasy. Customer service was no help.,False,Probiotic Gut Health Capsules,Customer_6278,11
REV-0F7D9959,2023-12-02,2,Terrible experience. Shipping cost more than the product. Avoid this product.,False,HydraBoost Daily Moisturizer,Customer_7820,36
REV-00D6EFB7,2024-02-29,4,The Collagen Beauty Powder exceeded expectations. Customer service was super helpful!,True,HydraBoost Daily Moisturizer,Customer_8935,37
REV-1868E147,2024-07-24,3,Decent quality but slow shipping. It's fine I guess.,True,HydraBoost Daily Moisturizer,Customer_9876,6
REV-83871070,2023-03-22,1,Terrible experience. Support said they can't help with this. Avoid this product.,True,Youth Renewal Night Cream,Customer_7301,65
REV-8AD0598F,2024-03-10,5,Highly recommend to friends! Shipping was fast too.,True,PureGlow Cleansing Balm,Customer_3698,42
REV-76C73FA7,2023-08-24,1,Ordered the HydraBoost Daily Moisturizer and jar arrived cracked. So angry right now.,False,Radiance Vitamin C Serum,Customer_9960,68
REV-25B50BB3,2024-07-30,5,I absolutely love this product! The Radiance Vitamin C Serum is amazing.,True,HydraBoost Daily Moisturizer,Customer_2031,48
REV-C7E8AC33,2024-01-01,3,Decent quality but slow shipping. It's fine I guess.,True,Collagen Beauty Powder,Customer_5303,22
REV-4A7A9C8A,2023-09-07,3,Would consider other options next time. It's fine I guess.,True,Probiotic Gut Health Capsules,Customer_8674,32
REV-2004B8D7,2023-08-04,1,One star is too generous. Caused breakout within days.,True,PureGlow Cleansing Balm,Customer_3706,25
REV-894F1F5A,2024-08-01,5,The Collagen Beauty Powder exceeded expectations. Great value for money!,True,Collagen Beauty Powder,Customer_9162,32
REV-30EFFBC1,2024-10-06,4,Will definitely repurchase. Been using for 2 months now.,False,Youth Renewal Night Cream,Customer_6082,24
REV-FDFDFB90,2023-04-29,2,Very disappointed. The product separated in the bottle. Won't buy again.,True,Youth Renewal Night Cream,Customer_4290,26
REV-9798567F,2024-08-22,5,I great value for money! The Turmeric Anti-Inflammatory Tablets is amazing.,True,Probiotic Gut Health Capsules,Customer_8351,50
REV-566E244C,2024-12-14,4,Just received my order and best purchase I've made this year. Great job!,True,Omega-3 Fish Oil Supplement,Customer_6773,38
REV-A99FD18A,2023-08-05,5,Just received my order and love the natural ingredients. Great job!,True,Collagen Beauty Powder,Customer_4015,33
REV-A5C74116,2024-07-05,5,Noticed results in just one week! Shipping was fast too.,True,Omega-3 Fish Oil Supplement,Customer_9358,30
REV-A010CFB1,2024-10-25,4,This brand really cares about customers. Been using for 2 months now.,True,PureGlow Cleansing Balm,Customer_5808,19
REV-09E3204D,2024-01-11,5,Just received my order and exceeded my expectations. Great job!,True,Youth Renewal Night Cream,Customer_5412,34
REV-830F26A7,2023-02-10,5,Just received my order and highly recommend to friends. Great job!,True,Radiance Vitamin C Serum,Customer_1260,32
REV-CB7FCAC8,2023-11-12,5,Customer service was super helpful! Shipping was fast too.,True,Probiotic Gut Health Capsules,Customer_4862,24
REV-7D8B0F5E,2024-01-19,3,Might work for others but not for me. It's fine I guess.,True,Collagen Beauty Powder,Customer_7221,39
REV-B69D8FD4,2023-06-16,5,I product works exactly as described! The Youth Renewal Night Cream is amazing.,True,Radiance Vitamin C Serum,Customer_3752,2
REV-AE50D559,2024-12-25,1,DO NOT BUY. Refund still hasn't processed. This company doesn't care.,True,Probiotic Gut Health Capsules,Customer_6813,87
REV-F8573208,2023-01-06,5,I product works exactly as described! The Probiotic Gut Health Capsules is amazing.,True,Turmeric Anti-Inflammatory Tablets,Customer_4516,34
REV-AFCDEAE9,2023-04-22,4,The Radiance Vitamin C Serum exceeded expectations. Great value for money!,True,Collagen Beauty Powder,Customer_3402,4
REV-D538980C,2023-02-27,4,I great value for money! The Collagen Beauty Powder is amazing.,True,Probiotic Gut Health Capsules,Customer_9687,24
REV-FCCA6B34,2023-05-02,1,One star is too generous. Discount code didn't apply.,True,Turmeric Anti-Inflammatory Tablets,Customer_6357,82
REV-BA4F1BEC,2024-05-10,4,Just received my order and great value for money. Great job!,True,Omega-3 Fish Oil Supplement,Customer_5864,42
REV-7A3FA52A,2023-08-17,4,I will definitely repurchase! The PureGlow Cleansing Balm is amazing.,True,PureGlow Cleansing Balm,Customer_2001,23
REV-87ACC8A2,2023-11-13,4,Customer service was super helpful! Shipping was fast too.,True,Turmeric Anti-Inflammatory Tablets,Customer_2223,26
REV-69C0450C,2024-08-04,5,The Youth Renewal Night Cream exceeded expectations. Great value for money!,True,PureGlow Cleansing Balm,Customer_9642,34
REV-690B5EC8,2024-05-03,5,I customer service was super helpful! The PureGlow Cleansing Balm is amazing.,True,Turmeric Anti-Inflammatory Tablets,Customer_1821,47
REV-05B95BE8,2024-07-17,2,Ordered the Radiance Vitamin C Serum and box arrived crushed. So angry right now.,True,Turmeric Anti-Inflammatory Tablets,Customer_7607,25
REV-B27BC75E,2024-07-07,2,DO NOT BUY. Charged after i cancelled. This company doesn't care.,True,Omega-3 Fish Oil Supplement,Customer_5260,14
REV-B1F46886,2024-01-18,1,Terrible experience. Packaging looks cheap for the price. Avoid this product.,True,Probiotic Gut Health Capsules,Customer_7254,17
REV-078286B9,2023-01-01,1,Very disappointed. The caused allergic reaction on my neck. Won't buy again.,True,PureGlow Cleansing Balm,Customer_9064,39
REV-D075C2A1,2024-04-04,2,Waste of money. Bottle was only half full. Customer service was no help.,True,Turmeric Anti-Inflammatory Tablets,Customer_9466,1
REV-B2EF502F,2023-03-28,3,Works but takes time to see results. It's fine I guess.,True,Collagen Beauty Powder,Customer_2599,9
REV-C5F9F4D4,2024-08-24,1,Terrible experience. They made cancellation intentionally difficult. Avoid this product.,True,Radiance Vitamin C Serum,Customer_5034,85
REV-8007A70E,2024-04-23,2,Smells rancid like old oil. I want a refund immediately.,True,Turmeric Anti-Inflammatory Tablets,Customer_3685,50
REV-F8E12ECA,2023-12-16,4,The Radiance Vitamin C Serum exceeded expectations. Fast shipping and great quality!,True,HydraBoost Daily Moisturizer,Customer_8530,14
REV-B88ABE4B,2023-08-28,4,The PureGlow Cleansing Balm exceeded expectations. Exceeded my expectations!,True,Radiance Vitamin C Serum,Customer_2519,44
REV-A43EE790,2024-01-15,4,Customer service was super helpful! Shipping was fast too.,True,Probiotic Gut Health Capsules,Customer_5982,19
REV-3FA18E6C,2023-07-20,3,Does what it says but slowly. It's fine I guess.,True,Youth Renewal Night Cream,Customer_1669,42
REV-F88E698B,2024-12-09,1,Ordered the Radiance Vitamin C Serum and chat bot kept looping without solution. So angry right now.,True,Turmeric Anti-Inflammatory Tablets,Customer_6628,24
REV-1B7BCD55,2023-03-28,2,Ordered the Omega-3 Fish Oil Supplement and wrong item was sent. So angry right now.,True,Probiotic Gut Health Capsules,Customer_9145,16
REV-FFB1DA43,2024-03-21,5,Product works exactly as described. Been using for 2 months now.,True,PureGlow Cleansing Balm,Customer_4741,22
REV-E2178A2D,2023-02-14,3,Might work for others but not for me. It's fine I guess.,True,Radiance Vitamin C Serum,Customer_1109,49
REV-7F7C22CE,2023-01-06,4,The Probiotic Gut Health Capsules exceeded expectations. Great value for money!,True,Youth Renewal Night Cream,Customer_4798,38
REV-36139A98,2024-04-06,5,Highly recommend to friends! Shipping was fast too.,True,Omega-3 Fish Oil Supplement,Customer_9472,7
REV-768681DB,2024-09-21,2,Terrible experience. Nobody answered my phone call. Avoid this product.,True,Collagen Beauty Powder,Customer_7981,12
REV-70EA733A,2023-10-08,3,Works but takes time to see results. It's fine I guess.,True,Omega-3 Fish Oil Supplement,Customer_9611,11
REV-A44D0D16,2023-10-14,5,I noticed results in just one week! The Collagen Beauty Powder is amazing.,True,Youth Renewal Night Cream,Customer_8454,45
REV-26E0952E,2024-09-19,1,The Youth Renewal Night Cream took 2 weeks to get a response. Very frustrated with this purchase.,True,Radiance Vitamin C Serum,Customer_3565,79
REV-63933465,2024-04-26,5,I will definitely repurchase! The Turmeric Anti-Inflammatory Tablets is amazing.,True,Radiance Vitamin C Serum,Customer_5080,25
REV-2160D818,2023-12-13,5,Will definitely repurchase. Been using for 2 months now.,True,Youth Renewal Night Cream,Customer_2040,19
REV-730772EC,2023-07-28,5,The Collagen Beauty Powder exceeded expectations. Best purchase i've made this year!,True,Turmeric Anti-Inflammatory Tablets,Customer_2952,0
REV-FE6D84FB,2023-12-15,5,I great value for money! The Radiance Vitamin C Serum is amazing.,False,Omega-3 Fish Oil Supplement,Customer_7592,8
REV-B157F5FC,2024-03-31,3,Average product for the price. It's fine I guess.,True,Radiance Vitamin C Serum,Customer_6586,23
REV-82248471,2024-06-25,5,Just received my order and great value for money. Great job!,True,Radiance Vitamin C Serum,Customer_8596,17
REV-F1D5D558,2023-10-08,5,I exceeded my expectations! The Collagen Beauty Powder is amazing.,True,Collagen Beauty Powder,Customer_9115,8
REV-8B04FBBD,2024-11-27,1,DO NOT BUY. Product separated in the bottle. This company doesn't care.,True,Collagen Beauty Powder,Customer_4692,8
REV-10FF8C08,2023-03-03,2,Very disappointed. The didn't see any results after 3 weeks. Won't buy again.,True,PureGlow Cleansing Balm,Customer_2668,6
REV-5DC8C8C5,2023-12-17,4,Best purchase i've made this year. Been using for 2 months now.,False,Turmeric Anti-Inflammatory Tablets,Customer_9432,38
REV-542B824A,2023-10-01,1,They ignored my refund request. I want a refund immediately.,True,HydraBoost Daily Moisturizer,Customer_6061,68
REV-C96A441A,2023-04-13,4,The HydraBoost Daily Moisturizer exceeded expectations. Great value for money!,True,Radiance Vitamin C Serum,Customer_4766,33
REV-36CDC6B0,2023-03-03,5,Just received my order and customer service was super helpful. Great job!,True,Turmeric Anti-Inflammatory Tablets,Customer_2978,24
REV-3E7FFE97,2023-02-07,1,Waste of money. Caused breakout within days. Customer service was no help.,False,Turmeric Anti-Inflammatory Tablets,Customer_2544,39
REV-4AEF0358,2024-08-23,1,One star is too generous. Didn't see any results after 3 weeks.,False,HydraBoost Daily Moisturizer,Customer_4697,47
REV-A1E02D9D,2024-05-08,5,Love the natural ingredients! Shipping was fast too.,True,PureGlow Cleansing Balm,Customer_2814,38
REV-5891691D,2024-03-06,2,Ordered the Youth Renewal Night Cream and got generic copy-paste responses. So angry right now.,True,Turmeric Anti-Inflammatory Tablets,Customer_2512,42
REV-EDD0F171,2024-07-24,5,I my skin has never looked better! The Youth Renewal Night Cream is amazing.,False,HydraBoost Daily Moisturizer,Customer_2994,44
REV-700EAEE2,2023-08-12,5,Absolutely love this product. Been using for 2 months now.,True,Omega-3 Fish Oil Supplement,Customer_1724,9
REV-272C8B44,2024-12-20,3,Decent quality but slow shipping. It's fine I guess.,True,Turmeric Anti-Inflammatory Tablets,Customer_8147,11
REV-F725678A,2023-04-01,5,Just received my order and fast shipping and great quality. Great job!,True,HydraBoost Daily Moisturizer,Customer_5298,42
REV-4133859F,2024-12-14,5,Exceeded my expectations! Shipping was fast too.,True,HydraBoost Daily Moisturizer,Customer_2149,17
REV-B968B86D,2024-09-10,1,Ordered the Youth Renewal Night Cream and smells rancid like old oil. So angry right now.,True,Youth Renewal Night Cream,Customer_2522,31
REV-08483E5C,2023-03-10,2,One star is too generous. Shipping took over 3 weeks.,True,PureGlow Cleansing Balm,Customer_1888,17
REV-254E49AF,2024-07-26,5,I this brand really cares about customers! The Probiotic Gut Health Capsules is amazing.,True,Collagen Beauty Powder,Customer_1623,12
REV-4DD83FAE,2024-06-29,5,I packaging was beautiful and secure! The Probiotic Gut Health Capsules is amazing.,True,HydraBoost Daily Moisturizer,Customer_9760,15
REV-BE4713CB,2024-01-12,4,Love the natural ingredients. Been using for 2 months now.,True,Turmeric Anti-Inflammatory Tablets,Customer_8622,6
REV-6EA9DFD7,2023-11-18,1,DO NOT BUY. Refund still hasn't processed. This company doesn't care.,True,Probiotic Gut Health Capsules,Customer_4888,46
REV-27BE304E,2023-12-06,1,Package arrived damaged. I want a refund immediately.,True,PureGlow Cleansing Balm,Customer_5902,78
REV-14B90856,2023-08-21,5,I my skin has never looked better! The Omega-3 Fish Oil Supplement is amazing.,True,Youth Renewal Night Cream,Customer_9766,13
REV-A8C75C5B,2023-04-11,3,Might work for others but not for me. It's fine I guess.,True,Collagen Beauty Powder,Customer_2580,0
REV-A72B1D4D,2024-02-20,3,It's okay nothing special. It's fine I guess.,True,PureGlow Cleansing Balm,Customer_9900,38
REV-28E70E78,2024-05-31,4,Just received my order and product works exactly as described. Great job!,False,Probiotic Gut Health Capsules,Customer_5792,27
REV-7DBAAF54,2024-07-09,5,Just received my order and best purchase I've made this year. Great job!,True,HydraBoost Daily Moisturizer,Customer_9809,9
REV-50E5A861,2023-04-08,1,Waste of money. Bottle leaked all over the box. Customer service was no help.,True,HydraBoost Daily Moisturizer,Customer_5207,33
REV-44C5DDE3,2023-12-22,5,The Omega-3 Fish Oil Supplement exceeded expectations. This brand really cares about customers!,True,Youth Renewal Night Cream,Customer_7473,49
REV-BA02B833,2024-03-03,4,I fast shipping and great quality! The Collagen Beauty Powder is amazing.,True,HydraBoost Daily Moisturizer,Customer_8140,17
REV-566AD188,2023-02-13,1,One star is too generous. They ignored my refund request.,False,Radiance Vitamin C Serum,Customer_8550,7
REV-558F3863,2023-05-09,3,Not bad but not amazing either. It's fine I guess.,True,Youth Renewal Night Cream,Customer_9161,9
REV-7ADB78F3,2023-07-12,5,Just received my order and customer service was super helpful. Great job!,True,Omega-3 Fish Oil Supplement,Customer_5743,30
REV-212A216B,2024-01-21,5,Great value for money. Been using for 2 months now.,True,PureGlow Cleansing Balm,Customer_9997,8
REV-6B7EAD34,2024-10-29,2,Caused allergic reaction on my neck. I want a refund immediately.,True,Omega-3 Fish Oil Supplement,Customer_1266,6
REV-419C5EFC,2024-06-19,1,DO NOT BUY. Support never responded to my email. This company doesn't care.,True,Omega-3 Fish Oil Supplement,Customer_6117,43
REV-3CDE6026,2023-04-06,1,The Omega-3 Fish Oil Supplement refund still hasn't processed. Very frustrated with this purchase.,True,Probiotic Gut Health Capsules,Customer_5569,99
REV-DBBCF258,2023-10-07,2,Support never responded to my email. I want a refund immediately.,True,Youth Renewal Night Cream,Customer_4735,18
REV-BAB7653E,2024-09-28,3,Might work for others but not for me. It's fine I guess.,False,HydraBoost Daily Moisturizer,Customer_4799,10
REV-DABDA427,2023-05-26,5,The Youth Renewal Night Cream exceeded expectations. This brand really cares about customers!,True,Youth Renewal Night Cream,Customer_4626,6
REV-108241E4,2023-08-31,1,Terrible experience. Tracking number didn't work. Avoid this product.,True,Omega-3 Fish Oil Supplement,Customer_6619,30
REV-68AF0B1E,2024-03-25,2,Terrible experience. Smells rancid like old oil. Avoid this product.,True,Probiotic Gut Health Capsules,Customer_3145,47
REV-54BC2B0F,2024-07-18,3,It's okay nothing special. It's fine I guess.,True,Collagen Beauty Powder,Customer_4197,16
REV-B7BBA5E2,2024-07-22,2,Waste of money. Charged after i cancelled. Customer service was no help.,True,Turmeric Anti-Inflammatory Tablets,Customer_2566,5
REV-E8E8AB95,2024-03-19,4,I noticed results in just one week! The Probiotic Gut Health Capsules is amazing.,True,HydraBoost Daily Moisturizer,Customer_2238,11
REV-89789C2D,2023-10-30,4,Exceeded my expectations! Shipping was fast too.,True,Collagen Beauty Powder,Customer_8553,19
REV-32FFE193,2023-07-17,3,Decent quality but slow shipping. It's fine I guess.,True,Omega-3 Fish Oil Supplement,Customer_2388,8
REV-50824A07,2024-01-19,1,Support never responded to my email. I want a refund immediately.,True,Omega-3 Fish Oil Supplement,Customer_4412,52
REV-0E8EDDD6,2024-04-24,1,One star is too generous. Auto-renewal happened without warning.,True,Probiotic Gut Health Capsules,Customer_6956,94
REV-30A8E983,2023-11-10,1,Agent hung up on me. I want a refund immediately.,True,Turmeric Anti-Inflammatory Tablets,Customer_9080,36
REV-60226BF5,2023-11-03,2,Ordered the Radiance Vitamin C Serum and product separated in the bottle. So angry right now.,True,HydraBoost Daily Moisturizer,Customer_2054,44
REV-A3EFA37F,2023-03-07,1,Ordered the Collagen Beauty Powder and couldn't cancel my subscription. So angry right now.,True,Collagen Beauty Powder,Customer_5233,89
REV-5F64DF13,2023-05-09,3,Works but takes time to see results. It's fine I guess.,True,HydraBoost Daily Moisturizer,Customer_9028,34
REV-1DB01F4B,2024-05-13,1,DO NOT BUY. Shipping took over 3 weeks. This company doesn't care.,True,Omega-3 Fish Oil Supplement,Customer_6514,55
REV-5F048303,2024-01-29,5,Just received my order and this brand really cares about customers. Great job!,True,Youth Renewal Night Cream,Customer_2273,13
REV-0270BB8E,2023-03-09,2,Very disappointed. The chat bot kept looping without solution. Won't buy again.,False,Omega-3 Fish Oil Supplement,Customer_6312,29
REV-28CDEC73,2023-04-28,5,Just received my order and this brand really cares about customers. Great job!,True,Turmeric Anti-Inflammatory Tablets,Customer_9655,25
REV-DC7B28BA,2023-08-10,2,Ordered the PureGlow Cleansing Balm and discount code didn't apply. So angry right now.,True,Youth Renewal Night Cream,Customer_6509,11
REV-C02BCFCE,2023-08-12,3,It's okay nothing special. It's fine I guess.,True,Omega-3 Fish Oil Supplement,Customer_1781,2
REV-276C405E,2023-10-27,5,The Omega-3 Fish Oil Supplement exceeded expectations. Gentle on sensitive skin!,False,Youth Renewal Night Cream,Customer_7480,49
REV-B1363F50,2023-07-17,2,One star is too generous. They ignored my refund request.,True,HydraBoost Daily Moisturizer,Customer_6585,3
REV-9389B7E5,2024-09-17,5,The PureGlow Cleansing Balm exceeded expectations. Product works exactly as described!,True,Youth Renewal Night Cream,Customer_7982,35
REV-0646257B,2023-06-17,5,Highly recommend to friends! Shipping was fast too.,True,Turmeric Anti-Inflammatory Tablets,Customer_9717,38
REV-B5D1FCD7,2024-07-18,5,Just received my order and great value for money. Great job!,True,HydraBoost Daily Moisturizer,Customer_1422,34
REV-F5599E9E,2024-03-01,5,Exceeded my expectations. Been using for 2 months now.,True,Turmeric Anti-Inflammatory Tablets,Customer_4587,33
REV-B8C04739,2024-01-29,5,Just received my order and best purchase I've made this year. Great job!,True,PureGlow Cleansing Balm,Customer_6946,38
REV-39FB86C2,2024-10-17,5,Will definitely repurchase. Been using for 2 months now.,True,Probiotic Gut Health Capsules,Customer_8598,12
REV-DD78E237,2024-05-09,2,Ordered the Turmeric Anti-Inflammatory Tablets and couldn't cancel my subscription. So angry right now.,True,PureGlow Cleansing Balm,Customer_6737,48
REV-C61126D5,2024-07-04,2,One star is too generous. Dropper broke inside the bottle.,True,Collagen Beauty Powder,Customer_8927,28
REV-09C440BC,2024-10-25,4,Just received my order and gentle on sensitive skin. Great job!,True,Turmeric Anti-Inflammatory Tablets,Customer_7379,33
REV-FDF1833B,2024-10-18,2,One star is too generous. Shipping took over 3 weeks.,True,Probiotic Gut Health Capsules,Customer_2251,27
REV-9663B8FB,2024-03-18,1,DO NOT BUY. Took 2 weeks to get a response. This company doesn't care.,True,Turmeric Anti-Inflammatory Tablets,Customer_2762,25
REV-347F615A,2023-09-10,5,I packaging was beautiful and secure! The Omega-3 Fish Oil Supplement is amazing.,True,Youth Renewal Night Cream,Customer_9870,16
REV-C578CB15,2023-02-05,4,Great value for money! Shipping was fast too.,True,Youth Renewal Night Cream,Customer_4208,38
REV-1D58FBC8,2023-11-04,5,Will definitely repurchase. Been using for 2 months now.,True,HydraBoost Daily Moisturizer,Customer_7489,30
REV-82335DD5,2023-01-13,5,The Youth Renewal Night Cream exceeded expectations. Love the natural ingredients!,True,Collagen Beauty Powder,Customer_8569,8
REV-6163212B,2024-12-18,1,The Radiance Vitamin C Serum box arrived crushed. Very frustrated with this purchase.,False,HydraBoost Daily Moisturizer,Customer_7311,83
REV-18C876A8,2023-01-27,4,Love the natural ingredients! Shipping was fast too.,True,HydraBoost Daily Moisturizer,Customer_1354,15
REV-971EE3B9,2024-01-19,2,The Probiotic Gut Health Capsules consistency is too thick and greasy. Very frustrated with this purchase.,True,Radiance Vitamin C Serum,Customer_7591,22
REV-FE66C6FC,2024-04-07,1,Waste of money. Order never showed up. Customer service was no help.,True,Radiance Vitamin C Serum,Customer_5844,38
REV-A7B49050,2024-05-25,2,Very disappointed. The texture changed from previous order. Won't buy again.,False,Probiotic Gut Health Capsules,Customer_8022,38
REV-AD41985C,2024-07-07,4,Customer service was super helpful. Been using for 2 months now.,True,Turmeric Anti-Inflammatory Tablets,Customer_5727,3
REV-2CA3B316,2023-12-18,1,Waste of money. Support said they can't help with this. Customer service was no help.,True,Turmeric Anti-Inflammatory Tablets,Customer_8347,52
REV-9918915D,2023-05-30,4,Product works exactly as described. Been using for 2 months now.,False,PureGlow Cleansing Balm,Customer_5496,21
REV-73F3A9D6,2023-03-03,5,The Collagen Beauty Powder exceeded expectations. Exceeded my expectations!,True,Collagen Beauty Powder,Customer_1240,3
REV-40D92DCF,2023-04-16,3,Might work for others but not for me. It's fine I guess.,True,Turmeric Anti-Inflammatory Tablets,Customer_3675,27
REV-252E0860,2024-06-07,5,The Turmeric Anti-Inflammatory Tablets exceeded expectations. This brand really cares about customers!,True,Probiotic Gut Health Capsules,Customer_8513,41
REV-78475065,2023-02-24,3,Might work for others but not for me. It's fine I guess.,True,Radiance Vitamin C Serum,Customer_5500,25
REV-AB9E3F0C,2023-02-16,1,Waste of money. Tracking number didn't work. Customer service was no help.,True,Radiance Vitamin C Serum,Customer_3088,90
REV-B963D0A2,2024-02-18,1,Terrible experience. Took 2 weeks to get a response. Avoid this product.,True,Collagen Beauty Powder,Customer_9062,60
REV-D8E40831,2023-01-09,1,DO NOT BUY. Charged after i cancelled. This company doesn't care.,False,Collagen Beauty Powder,Customer_9900,47
REV-34385F15,2023-03-17,2,Waste of money. Hidden fees appeared at checkout. Customer service was no help.,True,HydraBoost Daily Moisturizer,Customer_7831,49
REV-59A6BCF0,2023-12-11,4,The Omega-3 Fish Oil Supplement exceeded expectations. Great value for money!,True,PureGlow Cleansing Balm,Customer_7977,6
REV-4DB83D55,2024-07-21,4,Will definitely repurchase! Shipping was fast too.,False,Turmeric Anti-Inflammatory Tablets,Customer_8185,9
REV-282880E1,2023-10-25,5,Just received my order and product works exactly as described. Great job!,True,Probiotic Gut Health Capsules,Customer_9543,28
REV-E6103FD8,2023-06-14,1,Ordered the Probiotic Gut Health Capsules and jar arrived cracked. So angry right now.,False,Youth Renewal Night Cream,Customer_8477,22
REV-0CEB1D91,2023-10-17,5,The Youth Renewal Night Cream exceeded expectations. Will definitely repurchase!,True,Turmeric Anti-Inflammatory Tablets,Customer_7300,21
REV-EC2F3D70,2024-09-29,2,Ordered the Collagen Beauty Powder and discount code didn't apply. So angry right now.,True,PureGlow Cleansing Balm,Customer_2637,7
REV-BD57823B,2023-02-03,4,I noticed results in just one week! The Probiotic Gut Health Capsules is amazing.,True,HydraBoost Daily Moisturizer,Customer_5308,21
REV-E0E9B316,2023-04-19,4,Great value for money! Shipping was fast too.,True,Youth Renewal Night Cream,Customer_4638,36
REV-42941FDF,2023-09-28,1,Waste of money. Pump dispenser doesn't work. Customer service was no help.,True,Youth Renewal Night Cream,Customer_6357,60
REV-77D63249,2023-12-12,3,Might work for others but not for me. It's fine I guess.,False,HydraBoost Daily Moisturizer,Customer_5722,15
REV-3FF3D41F,2023-05-31,3,Might work for others but not for me. It's fine I guess.,True,Collagen Beauty Powder,Customer_2426,48
REV-8F00FD26,2024-12-21,5,This brand really cares about customers! Shipping was fast too.,True,Omega-3 Fish Oil Supplement,Customer_6883,19
REV-81B53B74,2023-09-24,5,I customer service was super helpful! The Probiotic Gut Health Capsules is amazing.,True,Turmeric Anti-Inflammatory Tablets,Customer_9752,11
REV-28AEC4E9,2023-07-07,3,Does what it says but slowly. It's fine I guess.,True,PureGlow Cleansing Balm,Customer_2128,14
REV-7200E25F,2023-02-12,1,The HydraBoost Daily Moisturizer smells rancid like old oil. Very frustrated with this purchase.,True,HydraBoost Daily Moisturizer,Customer_9538,57
REV-A4F69927,2024-11-08,4,Noticed results in just one week. Been using for 2 months now.,True,Radiance Vitamin C Serum,Customer_3211,15
REV-F5758B4A,2023-03-13,2,Waste of money. Auto-renewal happened without warning. Customer service was no help.,True,Turmeric Anti-Inflammatory Tablets,Customer_8999,9
REV-D978A09D,2024-07-25,1,Customs held my order for a month. I want a refund immediately.,True,Probiotic Gut Health Capsules,Customer_4537,90
REV-06BBD72A,2024-03-24,5,Absolutely love this product! Shipping was fast too.,True,Youth Renewal Night Cream,Customer_4558,39
REV-104DAFF8,2024-02-27,5,I absolutely love this product! The Collagen Beauty Powder is amazing.,True,PureGlow Cleansing Balm,Customer_4145,13
REV-96634163,2023-03-15,1,Very disappointed. The support said they can't help with this. Won't buy again.,True,Omega-3 Fish Oil Supplement,Customer_5902,22
REV-2BB3C594,2023-03-01,2,Terrible experience. Hidden fees appeared at checkout. Avoid this product.,False,Omega-3 Fish Oil Supplement,Customer_3618,15
REV-56DC8C37,2024-02-27,4,Just received my order and packaging was beautiful and secure. Great job!,True,Probiotic Gut Health Capsules,Customer_5645,4
REV-29610192,2024-05-02,2,The Omega-3 Fish Oil Supplement refund still hasn't processed. Very frustrated with this purchase.,True,Omega-3 Fish Oil Supplement,Customer_6350,3
REV-58B63924,2024-07-19,2,The Collagen Beauty Powder hard to find cancel button. Very frustrated with this purchase.,True,Turmeric Anti-Inflammatory Tablets,Customer_9418,34
REV-3EFEB876,2023-03-05,1,The Collagen Beauty Powder no protective packaging at all. Very frustrated with this purchase.,False,Turmeric Anti-Inflammatory Tablets,Customer_9128,1
REV-04E90EFD,2023-05-28,4,Will definitely repurchase. Been using for 2 months now.,True,PureGlow Cleansing Balm,Customer_9612,39
REV-F8ECA7CA,2024-12-28,5,Noticed results in just one week. Been using for 2 months now.,True,Radiance Vitamin C Serum,Customer_9182,32
REV-4D978F2E,2023-02-26,4,My skin has never looked better. Been using for 2 months now.,True,PureGlow Cleansing Balm,Customer_7667,46
REV-FAA19952,2024-12-21,2,One star is too generous. Shipping cost more than the product.,True,PureGlow Cleansing Balm,Customer_6086,0
REV-592C209C,2023-06-10,3,Average product for the price. It's fine I guess.,True,HydraBoost Daily Moisturizer,Customer_4287,30
REV-FB7CB137,2024-02-11,2,Ordered the Collagen Beauty Powder and tracking number didn't work. So angry right now.,True,HydraBoost Daily Moisturizer,Customer_5873,45
REV-5E56F236,2024-03-12,1,Very disappointed. The took 2 weeks to get a response. Won't buy again.,True,Omega-3 Fish Oil Supplement,Customer_6687,28
REV-23B95C38,2024-01-31,5,Just received my order and will definitely repurchase. Great job!,True,Youth Renewal Night Cream,Customer_7625,3
REV-FC6AD55C,2023-03-17,5,Just received my order and exceeded my expectations. Great job!,True,Youth Renewal Night Cream,Customer_2058,6
REV-113B61E1,2024-01-25,3,Decent quality but slow shipping. It's fine I guess.,True,HydraBoost Daily Moisturizer,Customer_8037,19
REV-AB9A86C2,2024-07-21,2,DO NOT BUY. Charged twice for same order. This company doesn't care.,True,HydraBoost Daily Moisturizer,Customer_9636,29
REV-2BBCB50D,2023-05-13,3,Would consider other options next time. It's fine I guess.,False,PureGlow Cleansing Balm,Customer_2647,9
REV-3BF27F28,2024-01-20,1,The PureGlow Cleansing Balm texture changed from previous order. Very frustrated with this purchase.,False,Omega-3 Fish Oil Supplement,Customer_1214,36
REV-7528A7E0,2023-09-14,5,Best purchase i've made this year. Been using for 2 months now.,True,HydraBoost Daily Moisturizer,Customer_7607,14
REV-053FDC66,2023-04-09,5,The PureGlow Cleansing Balm exceeded expectations. Gentle on sensitive skin!,True,PureGlow Cleansing Balm,Customer_5069,14
REV-D22747A6,2024-10-07,3,Does what it says but slowly. It's fine I guess.,True,Collagen Beauty Powder,Customer_3409,6
REV-FEAD4343,2024-05-27,1,Ordered the HydraBoost Daily Moisturizer and delivery was delayed by 2 weeks. So angry right now.,True,Youth Renewal Night Cream,Customer_9316,69
REV-8A7C7F32,2024-10-15,1,Very disappointed. The discount code didn't apply. Won't buy again.,True,Probiotic Gut Health Capsules,Customer_7936,11
REV-95E238F5,2023-03-23,4,Customer service was super helpful! Shipping was fast too.,True,Turmeric Anti-Inflammatory Tablets,Customer_6185,39
REV-924A9D5B,2023-07-28,5,This brand really cares about customers. Been using for 2 months now.,True,Turmeric Anti-Inflammatory Tablets,Customer_2195,36
REV-F06DA9C4,2023-09-28,5,Just received my order and gentle on sensitive skin. Great job!,True,Turmeric Anti-Inflammatory Tablets,Customer_2120,48
REV-98C92A25,2024-08-24,2,The Probiotic Gut Health Capsules jar arrived cracked. Very frustrated with this purchase.,False,Youth Renewal Night Cream,Customer_5739,47
REV-E1F715D9,2024-12-17,2,DO NOT BUY. Dropper broke inside the bottle. This company doesn't care.,True,HydraBoost Daily Moisturizer,Customer_7594,22
REV-73CCDD7C,2023-06-21,1,Discount code didn't apply. I want a refund immediately.,True,Youth Renewal Night Cream,Customer_1355,39
REV-B5C0A1B7,2024-11-03,5,The Probiotic Gut Health Capsules exceeded expectations. Exceeded my expectations!,True,HydraBoost Daily Moisturizer,Customer_5993,4
REV-D9DA0B1A,2024-07-09,4,Exceeded my expectations! Shipping was fast too.,True,Youth Renewal Night Cream,Customer_4720,11
REV-4656CFD6,2023-03-31,4,I my skin has never looked better! The Probiotic Gut Health Capsules is amazing.,True,Turmeric Anti-Inflammatory Tablets,Customer_2019,16
REV-5D302F51,2023-12-13,3,It's okay nothing special. It's fine I guess.,True,Omega-3 Fish Oil Supplement,Customer_1453,35
REV-8DD0A288,2023-07-06,1,DO NOT BUY. Waited 45 minutes on chat with no help. This company doesn't care.,False,Turmeric Anti-Inflammatory Tablets,Customer_7975,78
REV-21EBC35D,2024-03-18,2,DO NOT BUY. Bottle was only half full. This company doesn't care.,True,Turmeric Anti-Inflammatory Tablets,Customer_5892,1
REV-3C475A28,2024-07-21,4,I packaging was beautiful and secure! The Youth Renewal Night Cream is amazing.,True,Omega-3 Fish Oil Supplement,Customer_7686,32
REV-A9693BF1,2023-07-22,2,The Radiance Vitamin C Serum they ignored my refund request. Very frustrated with this purchase.,True,Collagen Beauty Powder,Customer_3604,42
REV-B3120182,2024-07-07,5,I gentle on sensitive skin! The Probiotic Gut Health Capsules is amazing.,False,Probiotic Gut Health Capsules,Customer_4150,43
REV-3F546547,2023-06-26,4,I exceeded my expectations! The Youth Renewal Night Cream is amazing.,True,Probiotic Gut Health Capsules,Customer_4427,29
REV-3BE48A4D,2024-10-13,5,Absolutely love this product! Shipping was fast too.,True,Youth Renewal Night Cream,Customer_7089,30
REV-EDB3549B,2024-09-28,1,DO NOT BUY. Packaging looks cheap for the price. This company doesn't care.,True,Omega-3 Fish Oil Supplement,Customer_9636,93
REV-D1724844,2023-01-09,5,Just received my order and love the natural ingredients. Great job!,True,Youth Renewal Night Cream,Customer_7292,23
REV-0B5C48D9,2024-02-15,3,Would consider other options next time. It's fine I guess.,True,Youth Renewal Night Cream,Customer_9431,8
REV-9CF81244,2024-07-15,4,The HydraBoost Daily Moisturizer exceeded expectations. This brand really cares about customers!,True,PureGlow Cleansing Balm,Customer_2808,1
REV-43FBB66C,2024-01-09,3,Decent quality but slow shipping. It's fine I guess.,True,Omega-3 Fish Oil Supplement,Customer_2191,25
REV-4ACDE615,2023-01-06,2,Terrible experience. Support said they can't help with this. Avoid this product.,True,Turmeric Anti-Inflammatory Tablets,Customer_4833,15
REV-F4278FA6,2023-01-05,1,Terrible experience. Bottle leaked all over the box. Avoid this product.,True,PureGlow Cleansing Balm,Customer_6157,83
REV-2B40C49A,2023-08-15,2,DO NOT BUY. They ignored my refund request. This company doesn't care.,True,Probiotic Gut Health Capsules,Customer_5638,47
REV-DA771809,2023-09-06,5,Just received my order and this brand really cares about customers. Great job!,True,Youth Renewal Night Cream,Customer_8312,11
REV-CDD54D39,2024-06-12,2,Got generic copy-paste responses. I want a refund immediately.,True,HydraBoost Daily Moisturizer,Customer_1079,14
REV-FDD90B1C,2024-05-31,5,I my skin has never looked better! The HydraBoost Daily Moisturizer is amazing.,True,Radiance Vitamin C Serum,Customer_2235,2
REV-A4814BF2,2024-10-01,3,Decent quality but slow shipping. It's fine I guess.,True,Radiance Vitamin C Serum,Customer_7721,34
REV-77ED665F,2023-10-27,5,I will definitely repurchase! The PureGlow Cleansing Balm is amazing.,True,Youth Renewal Night Cream,Customer_6296,29
REV-6972CD0A,2023-02-11,3,Works but takes time to see results. It's fine I guess.,True,Omega-3 Fish Oil Supplement,Customer_9210,31
REV-86D363BF,2023-04-02,5,Just received my order and best purchase I've made this year. Great job!,True,PureGlow Cleansing Balm,Customer_1508,37
REV-E266EA35,2023-03-27,2,Waste of money. Support never responded to my email. Customer service was no help.,True,Collagen Beauty Powder,Customer_7602,18
REV-7FCE834B,2023-02-09,5,Product works exactly as described. Been using for 2 months now.,True,Probiotic Gut Health Capsules,Customer_9693,39
REV-99B009D9,2024-05-28,4,I customer service was super helpful! The Probiotic Gut Health Capsules is amazing.,True,Probiotic Gut Health Capsules,Customer_9539,21
REV-622C8964,2023-01-25,3,Average product for the price. It's fine I guess.,True,HydraBoost Daily Moisturizer,Customer_9359,44
REV-46A067EA,2023-07-14,1,Waste of money. Nobody answered my phone call. Customer service was no help.,False,Radiance Vitamin C Serum,Customer_4698,94
REV-D6861851,2024-01-12,1,One star is too generous. They made cancellation intentionally difficult.,True,Omega-3 Fish Oil Supplement,Customer_9126,99
REV-6AC09A8F,2023-09-17,3,It's okay nothing special. It's fine I guess.,True,Turmeric Anti-Inflammatory Tablets,Customer_8455,0
REV-7C7375E4,2023-02-12,1,Very disappointed. The they made cancellation intentionally difficult. Won't buy again.,True,PureGlow Cleansing Balm,Customer_9305,5
REV-8A258AF9,2024-12-03,4,The Omega-3 Fish Oil Supplement exceeded expectations. Fast shipping and great quality!,True,Youth Renewal Night Cream,Customer_5191,26
REV-853542C4,2023-10-31,5,I absolutely love this product! The PureGlow Cleansing Balm is amazing.,False,Youth Renewal Night Cream,Customer_5348,4
REV-696C9EE7,2024-10-24,1,The Radiance Vitamin C Serum hidden fees appeared at checkout. Very frustrated with this purchase.,True,Turmeric Anti-Inflammatory Tablets,Customer_5487,33
REV-B06CA2C6,2023-03-01,2,The Youth Renewal Night Cream shipping took over 3 weeks. Very frustrated with this purchase.,True,Collagen Beauty Powder,Customer_9850,46
REV-0BB1C458,2024-01-01,4,Will definitely repurchase! Shipping was fast too.,True,Radiance Vitamin C Serum,Customer_7566,18
REV-6BBE2AB3,2024-06-16,4,Just received my order and fast shipping and great quality. Great job!,True,Probiotic Gut Health Capsules,Customer_1347,44
REV-1B69DDEB,2024-08-31,4,I gentle on sensitive skin! The Turmeric Anti-Inflammatory Tablets is amazing.,True,Omega-3 Fish Oil Supplement,Customer_8887,4
REV-C4A25E97,2023-01-08,4,I exceeded my expectations! The Radiance Vitamin C Serum is amazing.,True,Probiotic Gut Health Capsules,Customer_5801,16
REV-A954C7E7,2023-12-25,2,Ordered the Youth Renewal Night Cream and subscription price increased without notice. So angry right now.,True,Radiance Vitamin C Serum,Customer_2005,33
REV-1C0E1A91,2024-08-27,4,Product works exactly as described! Shipping was fast too.,True,HydraBoost Daily Moisturizer,Customer_2061,47
REV-D9BAECA3,2023-11-22,2,Waste of money. Order never showed up. Customer service was no help.,True,Probiotic Gut Health Capsules,Customer_8420,5
REV-12A827D7,2024-07-23,1,The HydraBoost Daily Moisturizer label peeled off immediately. Very frustrated with this purchase.,True,Youth Renewal Night Cream,Customer_1013,73
REV-39A36AEA,2024-11-08,4,Just received my order and exceeded my expectations. Great job!,True,HydraBoost Daily Moisturizer,Customer_3622,27
REV-DB57B47E,2023-08-24,1,Consistency is too thick and greasy. I want a refund immediately.,True,Youth Renewal Night Cream,Customer_9597,86
REV-9A48E9D4,2024-08-14,3,Would consider other options next time. It's fine I guess.,True,Probiotic Gut Health Capsules,Customer_5925,37
REV-9DAEF10A,2023-12-01,2,Very disappointed. The got generic copy-paste responses. Won't buy again.,True,Radiance Vitamin C Serum,Customer_5069,31
REV-B93FF6B2,2023-05-06,5,Exceeded my expectations! Shipping was fast too.,True,Collagen Beauty Powder,Customer_2814,2
REV-0D4A9B6A,2024-07-12,1,One star is too generous. Auto-renewal happened without warning.,True,HydraBoost Daily Moisturizer,Customer_4508,80
REV-925DE282,2024-11-07,3,Works but takes time to see results. It's fine I guess.,True,HydraBoost Daily Moisturizer,Customer_7260,31
REV-5343067A,2023-10-04,3,Works but takes time to see results. It's fine I guess.,True,Youth Renewal Night Cream,Customer_4310,8
REV-BF51DDAE,2024-11-07,4,Just received my order and packaging was beautiful and secure. Great job!,False,Omega-3 Fish Oil Supplement,Customer_7083,39
REV-C3BE75EA,2024-05-08,1,Ordered the Collagen Beauty Powder and took 2 weeks to get a response. So angry right now.,True,HydraBoost Daily Moisturizer,Customer_6201,32
REV-CF2DC5B1,2024-02-10,5,I best purchase I've made this year! The Turmeric Anti-Inflammatory Tablets is amazing.,True,Turmeric Anti-Inflammatory Tablets,Customer_9458,40
REV-EAFABFB5,2024-10-06,1,Very disappointed. The bottle was only half full. Won't buy again.,True,Youth Renewal Night Cream,Customer_2146,69
REV-19E4F4DB,2024-07-18,2,Tracking number didn't work. I want a refund immediately.,True,Omega-3 Fish Oil Supplement,Customer_2475,18
REV-DA545DC4,2024-01-28,1,Ordered the Turmeric Anti-Inflammatory Tablets and auto-renewal happened without warning. So angry right now.,True,Collagen Beauty Powder,Customer_4440,82
REV-C0D57C12,2024-10-19,1,The Youth Renewal Night Cream support said they can't help with this. Very frustrated with this purchase.,False,Omega-3 Fish Oil Supplement,Customer_3843,81
REV-9787F9C1,2024-11-21,1,Ordered the Youth Renewal Night Cream and consistency is too thick and greasy. So angry right now.,False,Radiance Vitamin C Serum,Customer_8504,94
REV-7FDDCF24,2023-01-21,5,Product works exactly as described. Been using for 2 months now.,True,Radiance Vitamin C Serum,Customer_8982,29
REV-899C1424,2023-11-10,2,Waste of money. Consistency is too thick and greasy. Customer service was no help.,True,Radiance Vitamin C Serum,Customer_6371,41
REV-1471BE56,2024-01-08,2,Charged twice for same order. I want a refund immediately.,True,Radiance Vitamin C Serum,Customer_2155,30
REV-F44F024B,2024-03-06,5,Fast shipping and great quality! Shipping was fast too.,True,Omega-3 Fish Oil Supplement,Customer_1815,1
REV-EFBB54BA,2023-03-11,5,Absolutely love this product! Shipping was fast too.,True,Probiotic Gut Health Capsules,Customer_5696,15
REV-AC10BBA5,2023-03-18,1,One star is too generous. Support said they can't help with this.,True,PureGlow Cleansing Balm,Customer_3062,44
REV-7F2027E8,2024-08-08,2,Waste of money. Subscription price increased without notice. Customer service was no help.,True,Collagen Beauty Powder,Customer_7417,32
REV-95D7A29E,2023-09-29,2,The Collagen Beauty Powder waited 45 minutes on chat with no help. Very frustrated with this purchase.,True,Turmeric Anti-Inflammatory Tablets,Customer_9869,4
REV-43B8EAD7,2023-10-20,2,The Probiotic Gut Health Capsules consistency is too thick and greasy. Very frustrated with this purchase.,True,Collagen Beauty Powder,Customer_9060,0
REV-77CB2CBD,2023-11-03,4,Absolutely love this product. Been using for 2 months now.,True,Collagen Beauty Powder,Customer_6060,35
REV-10C1A729,2024-03-04,4,I highly recommend to friends! The PureGlow Cleansing Balm is amazing.,False,Omega-3 Fish Oil Supplement,Customer_1532,6
REV-A5C62287,2024-10-28,2,DO NOT BUY. Representative was rude and unhelpful. This company doesn't care.,True,Youth Renewal Night Cream,Customer_3648,34
REV-24BDE5B9,2023-04-07,2,The Probiotic Gut Health Capsules pump dispenser doesn't work. Very frustrated with this purchase.,False,PureGlow Cleansing Balm,Customer_9841,22
REV-CB09CFCB,2024-10-25,1,Carrier lost my package twice. I want a refund immediately.,True,Turmeric Anti-Inflammatory Tablets,Customer_3484,62
REV-431006BD,2024-02-03,5,The Youth Renewal Night Cream exceeded expectations. Highly recommend to friends!,True,Turmeric Anti-Inflammatory Tablets,Customer_1976,29
REV-99AE3AD4,2024-07-17,2,Terrible experience. Order never showed up. Avoid this product.,True,Collagen Beauty Powder,Customer_3534,25
REV-B77D5027,2023-02-05,2,Chat bot kept looping without solution. I want a refund immediately.,True,Collagen Beauty Powder,Customer_7634,2
REV-176632E9,2024-05-06,2,Waste of money. Jar arrived cracked. Customer service was no help.,True,HydraBoost Daily Moisturizer,Customer_5267,34
REV-1F8F4D75,2023-07-25,5,The Turmeric Anti-Inflammatory Tablets exceeded expectations. Best purchase i've made this year!,True,Turmeric Anti-Inflammatory Tablets,Customer_5085,42
REV-030A40B0,2023-08-16,2,One star is too generous. Refund still hasn't processed.,True,Youth Renewal Night Cream,Customer_6555,6
REV-CE5BAA2C,2023-01-10,3,Decent quality but slow shipping. It's fine I guess.,True,Radiance Vitamin C Serum,Customer_4276,37
REV-C5E65139,2023-09-11,4,The HydraBoost Daily Moisturizer exceeded expectations. Customer service was super helpful!,True,Collagen Beauty Powder,Customer_1921,19
REV-0BB8143A,2023-03-07,5,Fast shipping and great quality! Shipping was fast too.,True,PureGlow Cleansing Balm,Customer_2394,46
REV-2626D7D0,2024-01-02,4,Noticed results in just one week! Shipping was fast too.,True,Collagen Beauty Powder,Customer_2638,29
REV-07F97742,2023-07-28,4,I fast shipping and great quality! The Youth Renewal Night Cream is amazing.,True,Youth Renewal Night Cream,Customer_4552,41
REV-E7F8BB42,2023-08-15,5,I will definitely repurchase! The Collagen Beauty Powder is amazing.,False,Probiotic Gut Health Capsules,Customer_3098,40
REV-AC9CDF23,2024-07-29,4,The HydraBoost Daily Moisturizer exceeded expectations. Gentle on sensitive skin!,True,Turmeric Anti-Inflammatory Tablets,Customer_4969,25
REV-D37FB111,2024-02-27,5,This brand really cares about customers. Been using for 2 months now.,True,Probiotic Gut Health Capsules,Customer_3051,40
REV-6B67EDAC,2024-05-28,1,Very disappointed. The no protective packaging at all. Won't buy again.,True,Youth Renewal Night Cream,Customer_9821,1
REV-669D87B8,2023-06-07,2,Ordered the Omega-3 Fish Oil Supplement and waited 45 minutes on chat with no help. So angry right now.,True,Turmeric Anti-Inflammatory Tablets,Customer_4506,21
REV-B56DE87F,2024-08-19,3,Does what it says but slowly. It's fine I guess.,True,Collagen Beauty Powder,Customer_1862,1
REV-E01629B2,2023-05-24,3,Average product for the price. It's fine I guess.,True,Collagen Beauty Powder,Customer_1476,27
REV-35088274,2024-01-15,1,One star is too generous. Support never responded to my email.,True,Youth Renewal Night Cream,Customer_6878,7
REV-D60B4938,2024-11-26,5,The Youth Renewal Night Cream exceeded expectations. Best purchase i've made this year!,True,PureGlow Cleansing Balm,Customer_7861,47
REV-F1C2A8C7,2023-12-21,4,Just received my order and love the natural ingredients. Great job!,False,Collagen Beauty Powder,Customer_9405,37
REV-BD08F915,2024-10-09,4,Just received my order and highly recommend to friends. Great job!,True,Omega-3 Fish Oil Supplement,Customer_1693,4
REV-0765F89C,2024-01-29,4,Highly recommend to friends! Shipping was fast too.,True,Collagen Beauty Powder,Customer_8864,8
REV-767EB6FF,2024-10-30,4,I fast shipping and great quality! The Omega-3 Fish Oil Supplement is amazing.,True,HydraBoost Daily Moisturizer,Customer_5580,41
REV-F0A52715,2023-02-20,3,Might work for others but not for me. It's fine I guess.,True,HydraBoost Daily Moisturizer,Customer_9765,9
REV-DC2534EB,2024-09-11,3,Would consider other options next time. It's fine I guess.,True,Turmeric Anti-Inflammatory Tablets,Customer_7972,34
REV-D33510F1,2024-12-16,4,Just received my order and absolutely love this product. Great job!,True,Probiotic Gut Health Capsules,Customer_6474,45
REV-6261373E,2024-10-18,4,I exceeded my expectations! The Collagen Beauty Powder is amazing.,True,Probiotic Gut Health Capsules,Customer_3520,0
REV-22349E23,2023-10-17,5,Product works exactly as described! Shipping was fast too.,True,Radiance Vitamin C Serum,Customer_4728,8
REV-39BD28D2,2024-06-20,5,The Radiance Vitamin C Serum exceeded expectations. Great value for money!,True,HydraBoost Daily Moisturizer,Customer_8386,8
REV-7C4AC9DA,2023-09-04,2,Hidden fees appeared at checkout. I want a refund immediately.,True,Omega-3 Fish Oil Supplement,Customer_6516,27
REV-EF122CC9,2023-09-06,2,The Collagen Beauty Powder wrong item was sent. Very frustrated with this purchase.,False,Turmeric Anti-Inflammatory Tablets,Customer_2212,20
REV-B1466D5D,2024-09-06,4,I packaging was beautiful and secure! The Omega-3 Fish Oil Supplement is amazing.,False,PureGlow Cleansing Balm,Customer_6514,17
REV-6A2C8A5E,2024-10-11,3,Decent quality but slow shipping. It's fine I guess.,True,Youth Renewal Night Cream,Customer_7738,30
REV-10F26F04,2023-05-07,5,Gentle on sensitive skin! Shipping was fast too.,True,Youth Renewal Night Cream,Customer_6193,30
REV-46A30CBE,2024-03-20,2,The HydraBoost Daily Moisturizer consistency is too thick and greasy. Very frustrated with this purchase.,True,Omega-3 Fish Oil Supplement,Customer_7530,0
REV-F585A20A,2024-02-24,4,Customer service was super helpful! Shipping was fast too.,True,Collagen Beauty Powder,Customer_6763,0
REV-0E92BDD1,2024-06-24,2,DO NOT BUY. Pump broke after first use. This company doesn't care.,True,Youth Renewal Night Cream,Customer_7376,38
REV-B0B1C2A3,2024-08-27,5,Will definitely repurchase! Shipping was fast too.,True,Probiotic Gut Health Capsules,Customer_7161,46
REV-7C0671A8,2023-07-10,1,Terrible experience. Dropper broke inside the bottle. Avoid this product.,True,Radiance Vitamin C Serum,Customer_3449,9
REV-266612BE,2023-02-06,4,Best purchase i've made this year! Shipping was fast too.,True,Turmeric Anti-Inflammatory Tablets,Customer_5363,32
REV-67C039E6,2023-05-05,1,DO NOT BUY. They made cancellation intentionally difficult. This company doesn't care.,True,Turmeric Anti-Inflammatory Tablets,Customer_5677,23
REV-0C3D76CD,2024-10-16,1,DO NOT BUY. They ignored my refund request. This company doesn't care.,True,PureGlow Cleansing Balm,Customer_5087,91
REV-CFF7F5A3,2024-02-13,5,I great value for money! The Collagen Beauty Powder is amazing.,True,Collagen Beauty Powder,Customer_2170,50
REV-228139B1,2024-03-30,1,Waste of money. Pump dispenser doesn't work. Customer service was no help.,True,Probiotic Gut Health Capsules,Customer_6461,86
REV-801EE0C5,2023-04-29,4,The HydraBoost Daily Moisturizer exceeded expectations. Customer service was super helpful!,True,Omega-3 Fish Oil Supplement,Customer_9567,49
REV-0F9D6F8C,2024-08-05,4,The Omega-3 Fish Oil Supplement exceeded expectations. Noticed results in just one week!,True,Turmeric Anti-Inflammatory Tablets,Customer_5104,1
REV-E7931EE8,2023-07-25,3,Not bad but not amazing either. It's fine I guess.,True,PureGlow Cleansing Balm,Customer_3413,5
REV-9E0BDEE3,2024-05-09,1,Waste of money. Got generic copy-paste responses. Customer service was no help.,False,PureGlow Cleansing Balm,Customer_1481,8
REV-5B30CF83,2024-09-04,5,Just received my order and great value for money. Great job!,True,Collagen Beauty Powder,Customer_9966,5
REV-099DB541,2023-08-22,1,Very disappointed. The product separated in the bottle. Won't buy again.,True,Collagen Beauty Powder,Customer_6923,30
REV-AA1F04A7,2024-11-01,4,I great value for money! The Omega-3 Fish Oil Supplement is amazing.,False,HydraBoost Daily Moisturizer,Customer_7570,29
REV-2B389F41,2023-10-30,5,Just received my order and great value for money. Great job!,True,HydraBoost Daily Moisturizer,Customer_6328,15
REV-2DF511EF,2024-12-02,3,It's okay nothing special. It's fine I guess.,True,Probiotic Gut Health Capsules,Customer_9273,37
REV-8D497D47,2024-02-08,1,The PureGlow Cleansing Balm took 2 weeks to get a response. Very frustrated with this purchase.,False,Youth Renewal Night Cream,Customer_4178,47
REV-343E3279,2024-05-20,1,Waste of money. Didn't see any results after 3 weeks. Customer service was no help.,True,Collagen Beauty Powder,Customer_5035,53
REV-9A160133,2023-07-31,3,Does what it says but slowly. It's fine I guess.,True,HydraBoost Daily Moisturizer,Customer_5582,12
REV-769682B7,2024-06-25,1,Terrible experience. Agent hung up on me. Avoid this product.,True,Probiotic Gut Health Capsules,Customer_8707,91
REV-67941804,2023-04-23,2,Ordered the HydraBoost Daily Moisturizer and subscription price increased without notice. So angry right now.,True,PureGlow Cleansing Balm,Customer_5325,32
REV-C032E0BC,2023-12-07,4,Just received my order and my skin has never looked better. Great job!,True,Collagen Beauty Powder,Customer_8245,11
REV-0E655F4F,2024-05-01,4,Gentle on sensitive skin! Shipping was fast too.,True,PureGlow Cleansing Balm,Customer_1083,22
REV-09A75281,2023-10-18,4,Just received my order and absolutely love this product. Great job!,False,Youth Renewal Night Cream,Customer_7344,20
REV-41D10D41,2023-11-30,2,The Collagen Beauty Powder label peeled off immediately. Very frustrated with this purchase.,True,Probiotic Gut Health Capsules,Customer_4427,34
REV-3602C2E5,2023-09-14,1,The Radiance Vitamin C Serum package left in rain. Very frustrated with this purchase.,True,Turmeric Anti-Inflammatory Tablets,Customer_2133,78
REV-682ED520,2023-08-24,2,Very disappointed. The package arrived damaged. Won't buy again.,True,Youth Renewal Night Cream,Customer_9032,13
REV-DB7FDAE2,2023-07-16,3,Would consider other options next time. It's fine I guess.,True,Collagen Beauty Powder,Customer_5771,40
REV-43B91719,2024-10-31,1,Ordered the Turmeric Anti-Inflammatory Tablets and subscription price increased without notice. So angry right now.,True,Omega-3 Fish Oil Supplement,Customer_2796,3
REV-D093E5BD,2023-12-24,4,I this brand really cares about customers! The Probiotic Gut Health Capsules is amazing.,True,Turmeric Anti-Inflammatory Tablets,Customer_8654,28
REV-96ECC8BF,2023-01-16,1,One star is too generous. Charged after i cancelled.,False,Radiance Vitamin C Serum,Customer_6379,38
REV-1010E116,2023-08-19,4,Packaging was beautiful and secure. Been using for 2 months now.,True,PureGlow Cleansing Balm,Customer_7702,44
REV-AED7846C,2023-01-21,1,Ordered the Radiance Vitamin C Serum and cap was loose and product spilled. So angry right now.,False,Turmeric Anti-Inflammatory Tablets,Customer_1743,7
REV-DC0597D7,2024-11-27,4,Noticed results in just one week! Shipping was fast too.,True,HydraBoost Daily Moisturizer,Customer_3849,32
REV-F1B56F7C,2024-06-26,1,DO NOT BUY. Hidden fees appeared at checkout. This company doesn't care.,True,Collagen Beauty Powder,Customer_9805,85
REV-8FA3AEC8,2023-08-02,4,Fast shipping and great quality. Been using for 2 months now.,True,Radiance Vitamin C Serum,Customer_7135,15
REV-5ABF34E5,2024-07-17,5,Just received my order and absolutely love this product. Great job!,True,Radiance Vitamin C Serum,Customer_2538,49
REV-B0D6BFBC,2023-02-05,4,I great value for money! The Radiance Vitamin C Serum is amazing.,True,Collagen Beauty Powder,Customer_7958,39
REV-C74F0D45,2023-04-08,5,Customer service was super helpful! Shipping was fast too.,True,Probiotic Gut Health Capsules,Customer_4150,16
REV-FEC102C4,2023-04-29,1,Very disappointed. The they ignored my refund request. Won't buy again.,True,Omega-3 Fish Oil Supplement,Customer_4665,84
REV-9FBDD583,2023-07-13,1,Ordered the PureGlow Cleansing Balm and box arrived crushed. So angry right now.,True,Turmeric Anti-Inflammatory Tablets,Customer_3382,18
REV-1902AB51,2024-02-11,4,I love the natural ingredients! The Turmeric Anti-Inflammatory Tablets is amazing.,True,Omega-3 Fish Oil Supplement,Customer_8814,22
REV-7D3203D6,2024-08-30,1,The Collagen Beauty Powder waited 45 minutes on chat with no help. Very frustrated with this purchase.,True,HydraBoost Daily Moisturizer,Customer_2192,95
REV-E0FB6C92,2024-12-01,5,I packaging was beautiful and secure! The Radiance Vitamin C Serum is amazing.,True,Collagen Beauty Powder,Customer_4828,50
REV-6026AD1E,2023-10-23,1,Terrible experience. Charged twice for same order. Avoid this product.,True,Omega-3 Fish Oil Supplement,Customer_7221,77
REV-D99C59AD,2024-05-16,4,I fast shipping and great quality! The Collagen Beauty Powder is amazing.,True,Turmeric Anti-Inflammatory Tablets,Customer_6476,6
REV-464CD2E9,2024-09-06,4,The Radiance Vitamin C Serum exceeded expectations. Highly recommend to friends!,True,PureGlow Cleansing Balm,Customer_6026,36
REV-EDC65061,2024-03-01,3,Average product for the price. It's fine I guess.,False,PureGlow Cleansing Balm,Customer_7033,13
REV-BDC6A56F,2024-05-08,5,The PureGlow Cleansing Balm exceeded expectations. Highly recommend to friends!,False,PureGlow Cleansing Balm,Customer_2156,47
REV-4FFBE019,2023-10-18,1,One star is too generous. Label peeled off immediately.,True,Radiance Vitamin C Serum,Customer_4509,45
REV-694FDBE2,2023-04-15,5,Just received my order and product works exactly as described. Great job!,True,Youth Renewal Night Cream,Customer_6278,4
REV-DFE47B43,2023-04-19,3,Works but takes time to see results. It's fine I guess.,True,Omega-3 Fish Oil Supplement,Customer_5909,43
REV-3F289AE8,2023-08-29,4,I product works exactly as described! The Youth Renewal Night Cream is amazing.,True,Collagen Beauty Powder,Customer_3279,0
REV-25B6B3A8,2023-10-22,5,My skin has never looked better. Been using for 2 months now.,False,HydraBoost Daily Moisturizer,Customer_5378,15
REV-9474112A,2023-10-28,2,DO NOT BUY. Pump dispenser doesn't work. This company doesn't care.,True,Collagen Beauty Powder,Customer_8149,12
REV-BA26C052,2024-09-12,5,Great value for money! Shipping was fast too.,True,Youth Renewal Night Cream,Customer_7472,35
REV-23F2185D,2023-10-10,4,The Collagen Beauty Powder exceeded expectations. Love the natural ingredients!,False,Probiotic Gut Health Capsules,Customer_8854,15
REV-80B3F129,2023-12-29,1,One star is too generous. Order never showed up.,True,Radiance Vitamin C Serum,Customer_2091,9
REV-0FBBC906,2023-09-06,3,Does what it says but slowly. It's fine I guess.,True,PureGlow Cleansing Balm,Customer_4489,25
REV-2C5DAD94,2024-06-04,4,Product works exactly as described. Been using for 2 months now.,True,Probiotic Gut Health Capsules,Customer_5833,20
REV-6591D7F3,2024-03-18,5,Noticed results in just one week. Been using for 2 months now.,True,Turmeric Anti-Inflammatory Tablets,Customer_6266,48
REV-5F0D7CBC,2024-04-07,4,Gentle on sensitive skin. Been using for 2 months now.,True,PureGlow Cleansing Balm,Customer_9108,31
REV-BE25F3BF,2024-06-03,4,I absolutely love this product! The Probiotic Gut Health Capsules is amazing.,False,PureGlow Cleansing Balm,Customer_5930,50
REV-927F94B4,2023-09-27,5,Just received my order and noticed results in just one week. Great job!,False,Youth Renewal Night Cream,Customer_7458,21
REV-B7B60418,2024-03-22,3,Works but takes time to see results. It's fine I guess.,True,Radiance Vitamin C Serum,Customer_3964,25
REV-691431A1,2023-05-15,3,Works but takes time to see results. It's fine I guess.,True,Radiance Vitamin C Serum,Customer_3294,45
REV-043B1C78,2023-10-09,5,The Radiance Vitamin C Serum exceeded expectations. Exceeded my expectations!,False,Probiotic Gut Health Capsules,Customer_2715,30
REV-ED5FE79B,2023-12-22,5,The Probiotic Gut Health Capsules exceeded expectations. Highly recommend to friends!,False,PureGlow Cleansing Balm,Customer_6516,16
REV-0B83B1CA,2024-12-25,5,Absolutely love this product. Been using for 2 months now.,True,Radiance Vitamin C Serum,Customer_9325,30
REV-1BECF070,2024-03-31,5,The Probiotic Gut Health Capsules exceeded expectations. Customer service was super helpful!,True,HydraBoost Daily Moisturizer,Customer_6102,2
REV-3D8AE2ED,2024-10-20,2,Ordered the PureGlow Cleansing Balm and representative was rude and unhelpful. So angry right now.,True,Collagen Beauty Powder,Customer_8532,40
REV-B1FCDA6B,2023-06-03,3,Might work for others but not for me. It's fine I guess.,True,Radiance Vitamin C Serum,Customer_3807,10
REV-A9464378,2023-01-27,3,Might work for others but not for me. It's fine I guess.,False,PureGlow Cleansing Balm,Customer_8226,10
REV-5AE63AF1,2024-10-20,5,Absolutely love this product. Been using for 2 months now.,True,Radiance Vitamin C Serum,Customer_4838,35
REV-84579BF5,2023-03-24,1,Ordered the Collagen Beauty Powder and nobody answered my phone call. So angry right now.,True,Turmeric Anti-Inflammatory Tablets,Customer_9772,13
REV-7941F8EF,2023-07-20,4,I noticed results in just one week! The HydraBoost Daily Moisturizer is amazing.,False,Omega-3 Fish Oil Supplement,Customer_6792,43
REV-FD79AE69,2023-01-01,1,Ordered the Probiotic Gut Health Capsules and chat bot kept looping without solution. So angry right now.,True,Probiotic Gut Health Capsules,Customer_6183,21
REV-DD92F788,2024-11-15,5,Will definitely repurchase! Shipping was fast too.,True,Omega-3 Fish Oil Supplement,Customer_8601,42
REV-2E34816B,2024-03-23,4,I noticed results in just one week! The Collagen Beauty Powder is amazing.,True,Omega-3 Fish Oil Supplement,Customer_5649,16
REV-FE21E1DC,2023-11-02,1,Very disappointed. The label peeled off immediately. Won't buy again.,False,Omega-3 Fish Oil Supplement,Customer_1479,44
REV-1A9859E4,2024-03-03,2,Very disappointed. The label peeled off immediately. Won't buy again.,True,Probiotic Gut Health Capsules,Customer_7995,41
REV-C206F4A2,2024-05-02,3,It's okay nothing special. It's fine I guess.,True,Turmeric Anti-Inflammatory Tablets,Customer_9072,38
REV-D7273400,2023-03-15,5,Customer service was super helpful. Been using for 2 months now.,True,Turmeric Anti-Inflammatory Tablets,Customer_9443,2
REV-85486F14,2024-04-30,4,Just received my order and highly recommend to friends. Great job!,True,PureGlow Cleansing Balm,Customer_4195,36
REV-31D3D6FE,2024-12-10,1,Pump broke after first use. I want a refund immediately.,True,Collagen Beauty Powder,Customer_2716,28
REV-CB3199F8,2023-05-31,5,Just received my order and exceeded my expectations. Great job!,True,PureGlow Cleansing Balm,Customer_1849,48
REV-BF73030A,2024-11-14,5,Just received my order and customer service was super helpful. Great job!,True,Probiotic Gut Health Capsules,Customer_5620,24
REV-3AE0ADD9,2024-04-30,5,Just received my order and best purchase I've made this year. Great job!,True,Youth Renewal Night Cream,Customer_8108,32
REV-3A99DFC2,2023-10-13,1,Waste of money. Waited 45 minutes on chat with no help. Customer service was no help.,False,Radiance Vitamin C Serum,Customer_4482,72
REV-B6CEB2E4,2024-02-27,4,Great value for money! Shipping was fast too.,True,PureGlow Cleansing Balm,Customer_3035,42
REV-BF3569E0,2023-05-21,3,Does what it says but slowly. It's fine I guess.,True,HydraBoost Daily Moisturizer,Customer_9808,22
REV-4A8D1620,2023-03-26,3,Does what it says but slowly. It's fine I guess.,True,Radiance Vitamin C Serum,Customer_7573,49
REV-AB78AF36,2024-10-30,1,DO NOT BUY. Caused allergic reaction on my neck. This company doesn't care.,True,PureGlow Cleansing Balm,Customer_2758,83
REV-D362E791,2024-02-28,4,The Omega-3 Fish Oil Supplement exceeded expectations. Great value for money!,True,Turmeric Anti-Inflammatory Tablets,Customer_9753,0
REV-C5A320AF,2024-06-14,1,Very disappointed. The caused allergic reaction on my neck. Won't buy again.,True,PureGlow Cleansing Balm,Customer_2469,20
REV-8291F803,2024-04-24,5,The Omega-3 Fish Oil Supplement exceeded expectations. Love the natural ingredients!,True,Youth Renewal Night Cream,Customer_5128,27
REV-AF170CF7,2024-07-18,3,Not bad but not amazing either. It's fine I guess.,True,Radiance Vitamin C Serum,Customer_8211,44
REV-10479A47,2023-06-21,1,Waste of money. Product separated in the bottle. Customer service was no help.,True,HydraBoost Daily Moisturizer,Customer_9360,74
REV-F59C425F,2024-02-24,5,Gentle on sensitive skin! Shipping was fast too.,True,Collagen Beauty Powder,Customer_7304,44
REV-D09D5B02,2024-08-24,5,I great value for money! The HydraBoost Daily Moisturizer is amazing.,True,HydraBoost Daily Moisturizer,Customer_8093,3
REV-35EBD8A3,2024-11-08,5,I love the natural ingredients! The Turmeric Anti-Inflammatory Tablets is amazing.,True,PureGlow Cleansing Balm,Customer_3617,19
REV-50FF3EBB,2023-02-02,5,I gentle on sensitive skin! The Probiotic Gut Health Capsules is amazing.,True,Omega-3 Fish Oil Supplement,Customer_5001,3
REV-C9FC37CA,2023-02-24,4,I absolutely love this product! The Youth Renewal Night Cream is amazing.,False,Collagen Beauty Powder,Customer_9674,11
REV-212A4921,2024-02-01,5,Love the natural ingredients. Been using for 2 months now.,True,Turmeric Anti-Inflammatory Tablets,Customer_6253,32
REV-8A9A1516,2023-02-28,5,The Turmeric Anti-Inflammatory Tablets exceeded expectations. This brand really cares about customers!,True,HydraBoost Daily Moisturizer,Customer_1646,2
REV-785E6C2B,2024-11-20,1,DO NOT BUY. Label peeled off immediately. This company doesn't care.,True,Probiotic Gut Health Capsules,Customer_3430,99
REV-9A4A7376,2024-09-16,5,Packaging was beautiful and secure. Been using for 2 months now.,True,Probiotic Gut Health Capsules,Customer_4703,47
REV-3F94C365,2024-04-04,5,The Collagen Beauty Powder exceeded expectations. Noticed results in just one week!,True,Turmeric Anti-Inflammatory Tablets,Customer_3825,49
REV-033B76F2,2024-09-20,3,Decent quality but slow shipping. It's fine I guess.,True,Collagen Beauty Powder,Customer_2171,23
REV-FBEC9639,2024-11-21,2,Ordered the HydraBoost Daily Moisturizer and package left in rain. So angry right now.,True,Turmeric Anti-Inflammatory Tablets,Customer_8420,25
REV-03A6FDE3,2024-04-19,1,Charged after i cancelled. I want a refund immediately.,True,Radiance Vitamin C Serum,Customer_5993,71
REV-0058FA7F,2023-03-23,2,One star is too generous. They made cancellation intentionally difficult.,True,Youth Renewal Night Cream,Customer_9188,8
REV-0BA9E8FE,2024-11-02,3,Would consider other options next time. It's fine I guess.,True,Collagen Beauty Powder,Customer_9067,7
REV-7998F57D,2024-09-26,3,Might work for others but not for me. It's fine I guess.,True,Probiotic Gut Health Capsules,Customer_9493,23
REV-C2C70A51,2024-04-18,1,One star is too generous. Didn't see any results after 3 weeks.,True,Omega-3 Fish Oil Supplement,Customer_7801,41
REV-12AC7372,2024-10-12,5,The Turmeric Anti-Inflammatory Tablets exceeded expectations. Exceeded my expectations!,True,Collagen Beauty Powder,Customer_3536,35
REV-732F56E2,2024-04-25,4,Fast shipping and great quality! Shipping was fast too.,True,HydraBoost Daily Moisturizer,Customer_3124,0
REV-97C8771A,2023-07-10,3,It's okay nothing special. It's fine I guess.,False,PureGlow Cleansing Balm,Customer_8901,37
REV-F41305DD,2024-08-14,2,The Turmeric Anti-Inflammatory Tablets took 2 weeks to get a response. Very frustrated with this purchase.,True,Probiotic Gut Health Capsules,Customer_5375,5
REV-A3FD352A,2024-07-05,2,Waste of money. Texture changed from previous order. Customer service was no help.,True,Youth Renewal Night Cream,Customer_7416,19
REV-25C1DF53,2024-12-25,3,Not bad but not amazing either. It's fine I guess.,True,Collagen Beauty Powder,Customer_8213,14
REV-65683BF2,2023-08-26,2,One star is too generous. Support said they can't help with this.,True,Omega-3 Fish Oil Supplement,Customer_1438,50
REV-64C0431D,2023-03-27,1,Terrible experience. Got generic copy-paste responses. Avoid this product.,False,Collagen Beauty Powder,Customer_1892,31
REV-89359F55,2024-12-10,4,Packaging was beautiful and secure. Been using for 2 months now.,True,Radiance Vitamin C Serum,Customer_7181,49
REV-70740322,2023-06-23,5,Just received my order and product works exactly as described. Great job!,True,Collagen Beauty Powder,Customer_5603,28
REV-63283713,2024-01-14,1,DO NOT BUY. Product separated in the bottle. This company doesn't care.,True,Omega-3 Fish Oil Supplement,Customer_6049,16
REV-2B7D0D5A,2023-01-31,3,Not bad but not amazing either. It's fine I guess.,True,Omega-3 Fish Oil Supplement,Customer_7827,24
REV-FA68F203,2023-08-24,1,The PureGlow Cleansing Balm charged after I cancelled. Very frustrated with this purchase.,True,Turmeric Anti-Inflammatory Tablets,Customer_3212,49
REV-E2376C61,2023-04-15,3,Might work for others but not for me. It's fine I guess.,True,Omega-3 Fish Oil Supplement,Customer_5520,29
REV-0772AFBA,2023-09-15,2,One star is too generous. Bottle was only half full.,True,Omega-3 Fish Oil Supplement,Customer_7032,41
REV-D388F268,2024-05-02,4,Just received my order and this brand really cares about customers. Great job!,False,Turmeric Anti-Inflammatory Tablets,Customer_3167,23
REV-633E2F33,2024-04-29,5,Noticed results in just one week! Shipping was fast too.,True,Collagen Beauty Powder,Customer_8025,46
REV-7F0264F9,2023-10-19,1,One star is too generous. Couldn't cancel my subscription.,True,HydraBoost Daily Moisturizer,Customer_9832,82
REV-A66574F2,2024-05-17,1,DO NOT BUY. Pump broke after first use. This company doesn't care.,True,HydraBoost Daily Moisturizer,Customer_2015,88
REV-6EB1BDFB,2024-01-29,1,Very disappointed. The auto-renewal happened without warning. Won't buy again.,False,Youth Renewal Night Cream,Customer_6771,51
REV-F900D526,2024-05-12,4,My skin has never looked better! Shipping was fast too.,False,Turmeric Anti-Inflammatory Tablets,Customer_6448,42
REV-FF4DFA70,2023-06-18,1,DO NOT BUY. Subscription price increased without notice. This company doesn't care.,True,Probiotic Gut Health Capsules,Customer_4007,4
REV-FF124BD7,2023-06-17,1,DO NOT BUY. Support never responded to my email. This company doesn't care.,True,PureGlow Cleansing Balm,Customer_6591,62
REV-9FDC4861,2023-09-03,5,The PureGlow Cleansing Balm exceeded expectations. This brand really cares about customers!,True,Probiotic Gut Health Capsules,Customer_8431,1
REV-A4707E9C,2024-01-14,2,Terrible experience. Delivery was delayed by 2 weeks. Avoid this product.,True,Probiotic Gut Health Capsules,Customer_9847,30
REV-00BEB991,2023-10-15,3,Works but takes time to see results. It's fine I guess.,True,Turmeric Anti-Inflammatory Tablets,Customer_4429,17
REV-F58E1B23,2023-10-21,2,Waste of money. Smells rancid like old oil. Customer service was no help.,True,Collagen Beauty Powder,Customer_1886,0
REV-760EBE7A,2023-08-07,1,Ordered the Omega-3 Fish Oil Supplement and support said they can't help with this. So angry right now.,True,Omega-3 Fish Oil Supplement,Customer_2405,98
REV-0151A515,2023-01-08,3,Would consider other options next time. It's fine I guess.,False,Probiotic Gut Health Capsules,Customer_4719,15
REV-9446994E,2023-07-02,4,Best purchase i've made this year. Been using for 2 months now.,False,Collagen Beauty Powder,Customer_6663,8
REV-26B89FD5,2023-02-18,1,One star is too generous. They made cancellation intentionally difficult.,True,Radiance Vitamin C Serum,Customer_7124,35
REV-4F2D5C2E,2024-05-07,2,Ordered the Radiance Vitamin C Serum and pump dispenser doesn't work. So angry right now.,True,PureGlow Cleansing Balm,Customer_9997,1
REV-71F2BD6F,2024-01-22,3,Might work for others but not for me. It's fine I guess.,True,PureGlow Cleansing Balm,Customer_5287,3
REV-356E562C,2023-07-02,4,Exceeded my expectations. Been using for 2 months now.,True,Youth Renewal Night Cream,Customer_2022,32
REV-F544F995,2023-01-13,3,Average product for the price. It's fine I guess.,True,Turmeric Anti-Inflammatory Tablets,Customer_9310,36
REV-7FABB78B,2023-02-18,5,Just received my order and exceeded my expectations. Great job!,True,PureGlow Cleansing Balm,Customer_4514,15
REV-7BE3A550,2024-12-13,4,I product works exactly as described! The Turmeric Anti-Inflammatory Tablets is amazing.,True,Turmeric Anti-Inflammatory Tablets,Customer_2680,38
REV-7DD7BD26,2023-07-02,2,One star is too generous. Package arrived damaged.,True,Radiance Vitamin C Serum,Customer_4952,30
REV-EB45344F,2024-06-14,5,I packaging was beautiful and secure! The Youth Renewal Night Cream is amazing.,True,Probiotic Gut Health Capsules,Customer_4377,23
REV-1131077D,2023-07-04,4,Best purchase i've made this year. Been using for 2 months now.,True,Radiance Vitamin C Serum,Customer_6499,27
REV-75DCDF1D,2024-05-26,4,Absolutely love this product. Been using for 2 months now.,True,Probiotic Gut Health Capsules,Customer_7998,8
REV-E5EFEC57,2023-03-09,1,One star is too generous. Caused breakout within days.,True,Collagen Beauty Powder,Customer_5815,37
REV-D9CFE9A5,2024-08-15,1,Smells rancid like old oil. I want a refund immediately.,True,HydraBoost Daily Moisturizer,Customer_1207,93
REV-0657F7C2,2024-07-12,2,Terrible experience. Seal was already broken. Avoid this product.,True,Radiance Vitamin C Serum,Customer_4820,19
REV-19BE2346,2023-11-04,1,Terrible experience. Support never responded to my email. Avoid this product.,True,Turmeric Anti-Inflammatory Tablets,Customer_2977,88
REV-75E65273,2023-08-07,5,The PureGlow Cleansing Balm exceeded expectations. Best purchase i've made this year!,True,Radiance Vitamin C Serum,Customer_5099,0
REV-4D6E8DFD,2024-01-26,2,One star is too generous. Pump broke after first use.,True,Youth Renewal Night Cream,Customer_6190,42
REV-1D72195B,2023-11-25,5,Will definitely repurchase! Shipping was fast too.,True,Probiotic Gut Health Capsules,Customer_1093,16
REV-D7DEFFD0,2024-07-28,3,Average product for the price. It's fine I guess.,True,Radiance Vitamin C Serum,Customer_9914,24
REV-D7294C2D,2023-01-19,2,Terrible experience. Subscription price increased without notice. Avoid this product.,True,Turmeric Anti-Inflammatory Tablets,Customer_6045,21
REV-7E28B9ED,2023-12-04,5,Just received my order and product works exactly as described. Great job!,True,Omega-3 Fish Oil Supplement,Customer_8364,17
REV-26930F0C,2023-08-10,5,Customer service was super helpful. Been using for 2 months now.,True,Radiance Vitamin C Serum,Customer_8002,1
REV-EF9E3D2E,2023-09-20,4,Customer service was super helpful! Shipping was fast too.,False,Omega-3 Fish Oil Supplement,Customer_3145,47
REV-B0955504,2024-03-20,1,Waste of money. Made my skin red and irritated. Customer service was no help.,False,Probiotic Gut Health Capsules,Customer_7844,33
REV-88E0B6F8,2023-01-18,1,One star is too generous. They made cancellation intentionally difficult.,True,Probiotic Gut Health Capsules,Customer_8882,80
REV-158DFA8E,2024-07-02,2,Hard to find cancel button. I want a refund immediately.,True,Youth Renewal Night Cream,Customer_2878,48
REV-6E170833,2024-09-26,5,Just received my order and customer service was super helpful. Great job!,True,HydraBoost Daily Moisturizer,Customer_6085,40
REV-85A8B163,2023-12-23,2,DO NOT BUY. Caused breakout within days. This company doesn't care.,True,Collagen Beauty Powder,Customer_4646,2
REV-85EA4959,2023-03-30,5,Best purchase i've made this year. Been using for 2 months now.,True,Omega-3 Fish Oil Supplement,Customer_6636,12
REV-4D4242D3,2023-02-02,2,The Probiotic Gut Health Capsules tracking number didn't work. Very frustrated with this purchase.,True,PureGlow Cleansing Balm,Customer_7107,42
REV-15151E2F,2023-12-30,5,The Radiance Vitamin C Serum exceeded expectations. Packaging was beautiful and secure!,True,Turmeric Anti-Inflammatory Tablets,Customer_8377,45
REV-48A15585,2024-05-15,4,Absolutely love this product. Been using for 2 months now.,True,HydraBoost Daily Moisturizer,Customer_5598,7
REV-B3E0AD3E,2023-06-25,2,Ordered the Collagen Beauty Powder and shipping took over 3 weeks. So angry right now.,True,Youth Renewal Night Cream,Customer_6785,40
REV-0AB6EDB1,2024-08-03,5,This brand really cares about customers. Been using for 2 months now.,True,Turmeric Anti-Inflammatory Tablets,Customer_3771,32
REV-A52827FA,2023-10-03,1,Ordered the Omega-3 Fish Oil Supplement and consistency is too thick and greasy. So angry right now.,True,Radiance Vitamin C Serum,Customer_4996,2
REV-EE6325BE,2024-08-22,4,Customer service was super helpful! Shipping was fast too.,True,Turmeric Anti-Inflammatory Tablets,Customer_7185,48
REV-0B9C48A2,2024-08-03,2,Smells rancid like old oil. I want a refund immediately.,True,HydraBoost Daily Moisturizer,Customer_2544,18
REV-F39CD80B,2024-04-16,5,My skin has never looked better. Been using for 2 months now.,True,Omega-3 Fish Oil Supplement,Customer_2619,4
REV-8583A998,2023-09-18,2,Terrible experience. Representative was rude and unhelpful. Avoid this product.,False,Radiance Vitamin C Serum,Customer_3620,38
REV-07404B6C,2023-04-10,1,One star is too generous. Bottle leaked all over the box.,True,Youth Renewal Night Cream,Customer_8424,1
REV-FD88325C,2024-01-06,3,Not bad but not amazing either. It's fine I guess.,True,Collagen Beauty Powder,Customer_9122,11
REV-5195340C,2024-12-04,4,Absolutely love this product. Been using for 2 months now.,False,Youth Renewal Night Cream,Customer_4454,47
REV-A31E664B,2023-11-16,1,The Youth Renewal Night Cream charged after I cancelled. Very frustrated with this purchase.,True,Collagen Beauty Powder,Customer_1550,18
REV-A1FB3BF5,2024-12-14,4,The Probiotic Gut Health Capsules exceeded expectations. Customer service was super helpful!,True,Youth Renewal Night Cream,Customer_2650,12
REV-1F300D7C,2023-10-08,5,I gentle on sensitive skin! The Turmeric Anti-Inflammatory Tablets is amazing.,True,Youth Renewal Night Cream,Customer_1410,6
REV-A4B245A1,2023-08-22,4,The Youth Renewal Night Cream exceeded expectations. Great value for money!,True,Youth Renewal Night Cream,Customer_3179,47
REV-C2BD4AD5,2024-06-04,5,I highly recommend to friends! The Radiance Vitamin C Serum is amazing.,True,Probiotic Gut Health Capsules,Customer_7743,35
REV-BE8BB881,2024-06-19,1,DO NOT BUY. Box arrived crushed. This company doesn't care.,True,Youth Renewal Night Cream,Customer_7761,88
REV-C8505543,2023-05-25,2,Very disappointed. The delivery was delayed by 2 weeks. Won't buy again.,True,Radiance Vitamin C Serum,Customer_5956,49
REV-7000C433,2024-10-07,5,The HydraBoost Daily Moisturizer exceeded expectations. Product works exactly as described!,True,Omega-3 Fish Oil Supplement,Customer_5113,44
REV-335A4CD1,2024-09-06,1,Ordered the Radiance Vitamin C Serum and packaging looks cheap for the price. So angry right now.,False,Turmeric Anti-Inflammatory Tablets,Customer_6498,77
REV-1ACFF1F3,2024-06-26,3,Decent quality but slow shipping. It's fine I guess.,True,Youth Renewal Night Cream,Customer_2830,24
REV-BD71C3E7,2024-08-20,1,The Youth Renewal Night Cream pump dispenser doesn't work. Very frustrated with this purchase.,True,HydraBoost Daily Moisturizer,Customer_6363,23
REV-AEF43AF0,2024-11-11,1,DO NOT BUY. Caused breakout within days. This company doesn't care.,False,Youth Renewal Night Cream,Customer_3120,13
REV-D89DA34A,2023-11-24,1,Terrible experience. They ignored my refund request. Avoid this product.,True,Probiotic Gut Health Capsules,Customer_6619,94
REV-1C57E7E8,2023-01-18,5,The HydraBoost Daily Moisturizer exceeded expectations. My skin has never looked better!,True,Turmeric Anti-Inflammatory Tablets,Customer_4722,41
REV-3EBFF062,2023-05-29,1,Terrible experience. Texture changed from previous order. Avoid this product.,True,PureGlow Cleansing Balm,Customer_4065,30
REV-52FFFB9D,2023-09-30,4,The PureGlow Cleansing Balm exceeded expectations. My skin has never looked better!,True,Omega-3 Fish Oil Supplement,Customer_9105,19
REV-8C1E6910,2024-05-20,2,Very disappointed. The label peeled off immediately. Won't buy again.,True,Turmeric Anti-Inflammatory Tablets,Customer_6985,25
REV-AA7D35E3,2023-01-01,3,Average product for the price. It's fine I guess.,True,Turmeric Anti-Inflammatory Tablets,Customer_9843,3
REV-126AEA8A,2023-09-17,5,My skin has never looked better! Shipping was fast too.,True,Turmeric Anti-Inflammatory Tablets,Customer_5292,14
REV-9334CCB9,2023-06-09,5,Exceeded my expectations. Been using for 2 months now.,True,Omega-3 Fish Oil Supplement,Customer_5098,43
REV-A897E735,2024-09-08,1,Terrible experience. Auto-renewal happened without warning. Avoid this product.,True,PureGlow Cleansing Balm,Customer_9347,28
REV-1498AAA9,2023-05-26,1,Package arrived damaged. I want a refund immediately.,True,Collagen Beauty Powder,Customer_6585,82
REV-0064BBE1,2023-03-02,5,Just received my order and exceeded my expectations. Great job!,True,PureGlow Cleansing Balm,Customer_5900,28
REV-27F8CD20,2024-10-25,3,Works but takes time to see results. It's fine I guess.,True,Probiotic Gut Health Capsules,Customer_6844,16
REV-ADBADD06,2023-04-14,3,Not bad but not amazing either. It's fine I guess.,True,HydraBoost Daily Moisturizer,Customer_4559,49
REV-A3635277,2023-08-09,5,I my skin has never looked better! The Omega-3 Fish Oil Supplement is amazing.,True,Radiance Vitamin C Serum,Customer_8023,29
REV-F93DBFC7,2023-07-21,4,The Omega-3 Fish Oil Supplement exceeded expectations. Great value for money!,True,Turmeric Anti-Inflammatory Tablets,Customer_1993,47
REV-E595F4DC,2023-05-19,5,The Omega-3 Fish Oil Supplement exceeded expectations. Best purchase i've made this year!,False,Youth Renewal Night Cream,Customer_2842,41
REV-69DB2995,2024-07-11,1,The HydraBoost Daily Moisturizer jar arrived cracked. Very frustrated with this purchase.,True,Youth Renewal Night Cream,Customer_8403,4
REV-5C20F117,2023-07-23,1,Ordered the Omega-3 Fish Oil Supplement and refund still hasn't processed. So angry right now.,True,PureGlow Cleansing Balm,Customer_1855,67
REV-1EED6E96,2024-12-04,5,The Collagen Beauty Powder exceeded expectations. Gentle on sensitive skin!,True,HydraBoost Daily Moisturizer,Customer_4180,29
REV-E0CD92D2,2024-10-30,5,Customer service was super helpful! Shipping was fast too.,False,HydraBoost Daily Moisturizer,Customer_9574,42
REV-15EC054B,2024-08-14,1,Terrible experience. Delivery was delayed by 2 weeks. Avoid this product.,True,Omega-3 Fish Oil Supplement,Customer_4533,29
REV-5CE521B8,2023-08-12,2,The PureGlow Cleansing Balm label peeled off immediately. Very frustrated with this purchase.,True,HydraBoost Daily Moisturizer,Customer_4778,25
REV-52B5FC65,2024-04-10,1,The Youth Renewal Night Cream tracking number didn't work. Very frustrated with this purchase.,True,Youth Renewal Night Cream,Customer_9861,38
REV-1A322F9E,2023-10-14,5,Noticed results in just one week! Shipping was fast too.,True,Omega-3 Fish Oil Supplement,Customer_4144,5
REV-8AA74E0C,2024-03-29,5,Absolutely love this product! Shipping was fast too.,True,Radiance Vitamin C Serum,Customer_5262,18
REV-661608CC,2024-12-11,1,Ordered the Probiotic Gut Health Capsules and smells rancid like old oil. So angry right now.,True,Radiance Vitamin C Serum,Customer_2422,95
REV-BABC2ED5,2024-09-04,2,Waste of money. Bottle was only half full. Customer service was no help.,True,Omega-3 Fish Oil Supplement,Customer_4482,50
REV-04D9E293,2023-10-02,3,Decent quality but slow shipping. It's fine I guess.,True,Collagen Beauty Powder,Customer_6923,32
REV-45FFFDDD,2023-04-12,3,Works but takes time to see results. It's fine I guess.,True,Radiance Vitamin C Serum,Customer_5411,24
REV-77EE6795,2024-11-17,5,Highly recommend to friends! Shipping was fast too.,True,Youth Renewal Night Cream,Customer_3771,26
REV-108E3076,2023-05-25,1,Texture changed from previous order. I want a refund immediately.,True,PureGlow Cleansing Balm,Customer_3437,86
REV-27DA1777,2023-03-20,4,Noticed results in just one week! Shipping was fast too.,False,Omega-3 Fish Oil Supplement,Customer_1978,27
REV-4F4FCB54,2024-12-18,5,Exceeded my expectations. Been using for 2 months now.,True,Youth Renewal Night Cream,Customer_5560,31
REV-35FD70E8,2024-10-17,2,Didn't see any results after 3 weeks. I want a refund immediately.,True,Probiotic Gut Health Capsules,Customer_5763,6
REV-8879262E,2023-08-13,4,I noticed results in just one week! The PureGlow Cleansing Balm is amazing.,True,HydraBoost Daily Moisturizer,Customer_8649,3
REV-F36B486D,2024-04-28,3,Does what it says but slowly. It's fine I guess.,True,Omega-3 Fish Oil Supplement,Customer_1813,11
REV-D279728B,2024-06-04,4,I exceeded my expectations! The Radiance Vitamin C Serum is amazing.,False,HydraBoost Daily Moisturizer,Customer_9930,6
REV-5A76B8EA,2023-02-07,1,Terrible experience. Cap was loose and product spilled. Avoid this product.,True,Radiance Vitamin C Serum,Customer_2516,84
REV-2F5FE48C,2023-10-10,2,Terrible experience. Carrier lost my package twice. Avoid this product.,True,Youth Renewal Night Cream,Customer_5060,33
REV-3E8A19F9,2023-02-08,2,Very disappointed. The package arrived damaged. Won't buy again.,True,PureGlow Cleansing Balm,Customer_1286,33
REV-B50ED17B,2023-09-29,4,Product works exactly as described! Shipping was fast too.,True,Turmeric Anti-Inflammatory Tablets,Customer_7306,23
REV-2E2D9186,2023-09-05,2,Terrible experience. Box arrived crushed. Avoid this product.,True,PureGlow Cleansing Balm,Customer_1190,3
REV-1E41E6A2,2023-03-17,1,The Radiance Vitamin C Serum pump broke after first use. Very frustrated with this purchase.,True,HydraBoost Daily Moisturizer,Customer_4443,31
REV-249FBFBA,2023-09-29,2,One star is too generous. Smells rancid like old oil.,True,Turmeric Anti-Inflammatory Tablets,Customer_1543,36
REV-21B191CE,2024-10-20,4,I love the natural ingredients! The Radiance Vitamin C Serum is amazing.,True,HydraBoost Daily Moisturizer,Customer_3632,49
REV-3872A180,2023-03-21,4,Exceeded my expectations! Shipping was fast too.,True,Youth Renewal Night Cream,Customer_9484,20
REV-7C96AE88,2024-10-26,4,I packaging was beautiful and secure! The Collagen Beauty Powder is amazing.,True,PureGlow Cleansing Balm,Customer_5915,2
REV-DDE696DF,2023-09-09,4,Just received my order and best purchase I've made this year. Great job!,True,Probiotic Gut Health Capsules,Customer_1584,21
REV-3F60CC1D,2023-05-04,4,Highly recommend to friends! Shipping was fast too.,True,Omega-3 Fish Oil Supplement,Customer_9274,40
REV-83641292,2023-08-18,5,I best purchase I've made this year! The Collagen Beauty Powder is amazing.,True,Radiance Vitamin C Serum,Customer_5624,11
REV-00C5686D,2024-05-02,4,I product works exactly as described! The Collagen Beauty Powder is amazing.,True,Youth Renewal Night Cream,Customer_5449,20
REV-F42070C0,2023-04-09,4,I absolutely love this product! The PureGlow Cleansing Balm is amazing.,True,Omega-3 Fish Oil Supplement,Customer_6790,14
REV-14D2E066,2023-11-22,2,Very disappointed. The couldn't cancel my subscription. Won't buy again.,True,HydraBoost Daily Moisturizer,Customer_5621,2
REV-3A81D9F8,2023-01-21,5,Absolutely love this product! Shipping was fast too.,True,Probiotic Gut Health Capsules,Customer_5890,41
REV-A77EE188,2024-11-04,3,Average product for the price. It's fine I guess.,True,Omega-3 Fish Oil Supplement,Customer_1371,15
REV-CCA3AC65,2023-08-27,2,One star is too generous. Wrong item was sent.,False,Probiotic Gut Health Capsules,Customer_7506,29
REV-62FC66D8,2023-04-27,2,DO NOT BUY. Package left in rain. This company doesn't care.,True,Turmeric Anti-Inflammatory Tablets,Customer_9486,3
REV-5436FD68,2024-07-31,1,Ordered the Probiotic Gut Health Capsules and shipping took over 3 weeks. So angry right now.,True,Turmeric Anti-Inflammatory Tablets,Customer_3069,57
REV-605F61AB,2024-05-30,2,The PureGlow Cleansing Balm box arrived crushed. Very frustrated with this purchase.,True,Youth Renewal Night Cream,Customer_5118,23
REV-538F72DA,2024-09-08,2,One star is too generous. Tracking number didn't work.,True,Collagen Beauty Powder,Customer_2556,0
REV-1F02731A,2023-01-09,5,Customer service was super helpful. Been using for 2 months now.,True,Youth Renewal Night Cream,Customer_2835,40
REV-2480CD39,2023-08-12,3,Would consider other options next time. It's fine I guess.,True,Collagen Beauty Powder,Customer_5301,23
REV-6901A326,2023-10-18,4,Fast shipping and great quality! Shipping was fast too.,True,PureGlow Cleansing Balm,Customer_1069,41
REV-1C2C355D,2023-12-31,1,DO NOT BUY. Couldn't cancel my subscription. This company doesn't care.,False,PureGlow Cleansing Balm,Customer_6396,32
REV-0121E7E7,2024-11-26,1,One star is too generous. Chat bot kept looping without solution.,True,HydraBoost Daily Moisturizer,Customer_8877,63
REV-F9BEF233,2024-06-24,2,DO NOT BUY. Charged after i cancelled. This company doesn't care.,True,HydraBoost Daily Moisturizer,Customer_3886,10
REV-A14E6175,2024-06-09,2,DO NOT BUY. Charged after i cancelled. This company doesn't care.,True,HydraBoost Daily Moisturizer,Customer_8412,35
REV-B50FD173,2024-02-28,1,One star is too generous. Label peeled off immediately.,True,Collagen Beauty Powder,Customer_4757,25
REV-220F0348,2023-08-18,1,Waste of money. Shipping cost more than the product. Customer service was no help.,True,Turmeric Anti-Inflammatory Tablets,Customer_7236,46
REV-5EABAB8D,2024-09-17,5,The Youth Renewal Night Cream exceeded expectations. Exceeded my expectations!,True,Radiance Vitamin C Serum,Customer_8090,33
REV-F6ED2933,2023-04-08,2,DO NOT BUY. Texture changed from previous order. This company doesn't care.,True,PureGlow Cleansing Balm,Customer_9698,2
REV-96C05F5F,2024-01-28,5,The Youth Renewal Night Cream exceeded expectations. Love the natural ingredients!,False,HydraBoost Daily Moisturizer,Customer_8808,39
REV-1D4170ED,2023-07-31,2,Support said they can't help with this. I want a refund immediately.,True,PureGlow Cleansing Balm,Customer_2504,8
REV-04C84A1B,2024-03-29,5,Just received my order and customer service was super helpful. Great job!,True,PureGlow Cleansing Balm,Customer_4021,45
REV-14250E57,2023-07-22,2,Waste of money. Refund still hasn't processed. Customer service was no help.,True,HydraBoost Daily Moisturizer,Customer_3968,49
REV-79C13C59,2023-04-22,1,Very disappointed. The shipping took over 3 weeks. Won't buy again.,True,Turmeric Anti-Inflammatory Tablets,Customer_5714,75
REV-62ABEAC4,2024-05-24,2,One star is too generous. Dropper broke inside the bottle.,False,Omega-3 Fish Oil Supplement,Customer_3614,17
REV-9604259F,2024-10-11,3,Decent quality but slow shipping. It's fine I guess.,False,Radiance Vitamin C Serum,Customer_7971,37
REV-2F2F6D9B,2024-08-31,5,Noticed results in just one week! Shipping was fast too.,True,Probiotic Gut Health Capsules,Customer_8147,7
REV-42A7B9CD,2023-10-27,2,Ordered the Collagen Beauty Powder and pump broke after first use. So angry right now.,True,PureGlow Cleansing Balm,Customer_9061,50
REV-CB29A7A1,2024-07-26,3,Average product for the price. It's fine I guess.,False,Radiance Vitamin C Serum,Customer_9733,37
REV-5618ACC8,2024-04-13,1,Ordered the Collagen Beauty Powder and bottle leaked all over the box. So angry right now.,True,Turmeric Anti-Inflammatory Tablets,Customer_5222,57
REV-0EF9962A,2023-02-27,4,The Youth Renewal Night Cream exceeded expectations. Absolutely love this product!,True,Radiance Vitamin C Serum,Customer_8517,5
REV-512D0067,2024-06-22,1,Very disappointed. The cap was loose and product spilled. Won't buy again.,True,Youth Renewal Night Cream,Customer_3573,16
REV-B25DF5D3,2024-07-07,2,Ordered the Collagen Beauty Powder and they made cancellation intentionally difficult. So angry right now.,True,Youth Renewal Night Cream,Customer_6545,49
REV-FAD09D3D,2024-03-13,5,Just received my order and highly recommend to friends. Great job!,True,Turmeric Anti-Inflammatory Tablets,Customer_4688,1
REV-97671923,2024-06-23,1,Waste of money. Didn't see any results after 3 weeks. Customer service was no help.,False,Omega-3 Fish Oil Supplement,Customer_9074,83
REV-547FDF36,2024-05-30,4,Great value for money! Shipping was fast too.,True,PureGlow Cleansing Balm,Customer_2416,41
REV-A9983941,2024-10-02,2,Terrible experience. Package left in rain. Avoid this product.,True,Turmeric Anti-Inflammatory Tablets,Customer_5431,2
REV-1C781483,2024-03-03,5,Product works exactly as described! Shipping was fast too.,True,Youth Renewal Night Cream,Customer_1882,29
REV-62D242F3,2024-09-30,5,The HydraBoost Daily Moisturizer exceeded expectations. Best purchase i've made this year!,True,Omega-3 Fish Oil Supplement,Customer_6418,32
REV-2F3DFB56,2024-09-03,1,The Collagen Beauty Powder auto-renewal happened without warning. Very frustrated with this purchase.,True,HydraBoost Daily Moisturizer,Customer_5314,30
REV-AAAA776A,2023-12-17,1,Ordered the Turmeric Anti-Inflammatory Tablets and box arrived crushed. So angry right now.,True,Probiotic Gut Health Capsules,Customer_5484,89
REV-121897C3,2023-01-09,4,Will definitely repurchase! Shipping was fast too.,True,Youth Renewal Night Cream,Customer_2927,36
REV-D4A0150F,2023-01-26,5,I exceeded my expectations! The Omega-3 Fish Oil Supplement is amazing.,True,Omega-3 Fish Oil Supplement,Customer_2827,32
REV-9803128E,2023-03-26,5,The Radiance Vitamin C Serum exceeded expectations. Exceeded my expectations!,True,PureGlow Cleansing Balm,Customer_7400,16
REV-9F884138,2023-08-21,2,Terrible experience. Smells rancid like old oil. Avoid this product.,True,HydraBoost Daily Moisturizer,Customer_3285,19
REV-9FD88D54,2023-07-26,2,Very disappointed. The refund still hasn't processed. Won't buy again.,True,Radiance Vitamin C Serum,Customer_4066,7
REV-F2B76F78,2023-04-17,4,Just received my order and exceeded my expectations. Great job!,True,Omega-3 Fish Oil Supplement,Customer_8194,32
REV-3C422887,2023-06-14,4,Love the natural ingredients! Shipping was fast too.,False,Turmeric Anti-Inflammatory Tablets,Customer_5106,27
REV-39B61A0B,2023-10-29,2,Very disappointed. The shipping took over 3 weeks. Won't buy again.,True,Collagen Beauty Powder,Customer_4715,8
REV-29994B3A,2023-09-02,2,Ordered the PureGlow Cleansing Balm and pump dispenser doesn't work. So angry right now.,True,Turmeric Anti-Inflammatory Tablets,Customer_7467,27
REV-513F157C,2024-07-28,5,Just received my order and noticed results in just one week. Great job!,True,Turmeric Anti-Inflammatory Tablets,Customer_7564,29
REV-4B7DCB0A,2023-01-17,5,I this brand really cares about customers! The Youth Renewal Night Cream is amazing.,True,Youth Renewal Night Cream,Customer_8981,43
REV-51E35790,2024-02-05,3,Decent quality but slow shipping. It's fine I guess.,True,Youth Renewal Night Cream,Customer_8291,16
REV-BBAA6242,2023-07-28,3,Would consider other options next time. It's fine I guess.,True,Probiotic Gut Health Capsules,Customer_9497,1
REV-F6FFB766,2023-12-31,2,One star is too generous. Chat bot kept looping without solution.,True,Probiotic Gut Health Capsules,Customer_6481,38
REV-674C855B,2024-11-09,1,One star is too generous. Support said they can't help with this.,True,Collagen Beauty Powder,Customer_1219,54
REV-D182E2D9,2024-06-11,4,I my skin has never looked better! The Radiance Vitamin C Serum is amazing.,False,Radiance Vitamin C Serum,Customer_2948,27
REV-298C0BEF,2024-06-21,5,Just received my order and gentle on sensitive skin. Great job!,True,Probiotic Gut Health Capsules,Customer_7965,34
REV-E2F20E45,2024-03-17,4,Absolutely love this product! Shipping was fast too.,True,PureGlow Cleansing Balm,Customer_8604,3
REV-037897AC,2023-09-02,2,One star is too generous. Subscription price increased without notice.,False,Turmeric Anti-Inflammatory Tablets,Customer_3884,10
REV-B9D43267,2023-12-18,5,Noticed results in just one week. Been using for 2 months now.,True,Radiance Vitamin C Serum,Customer_2978,1
REV-0EA97CD9,2023-12-02,3,Not bad but not amazing either. It's fine I guess.,True,Probiotic Gut Health Capsules,Customer_4718,41
REV-DB38D3FF,2023-05-11,1,DO NOT BUY. Support never responded to my email. This company doesn't care.,True,Probiotic Gut Health Capsules,Customer_5846,14
REV-C1B53A55,2023-05-22,5,I gentle on sensitive skin! The Youth Renewal Night Cream is amazing.,True,Collagen Beauty Powder,Customer_2465,36
REV-4E120EBD,2023-08-29,1,Bottle leaked all over the box. I want a refund immediately.,True,Omega-3 Fish Oil Supplement,Customer_6951,9
REV-1404CD4C,2023-09-13,2,Terrible experience. Support never responded to my email. Avoid this product.,True,Probiotic Gut Health Capsules,Customer_3604,11
REV-95456582,2023-07-04,5,Gentle on sensitive skin. Been using for 2 months now.,True,Turmeric Anti-Inflammatory Tablets,Customer_9363,20
REV-4CF743B0,2023-05-25,3,Might work for others but not for me. It's fine I guess.,True,Turmeric Anti-Inflammatory Tablets,Customer_8309,39
REV-C6327CA3,2024-11-03,4,The Probiotic Gut Health Capsules exceeded expectations. Highly recommend to friends!,False,Turmeric Anti-Inflammatory Tablets,Customer_1533,2
REV-14183912,2024-01-11,4,The Turmeric Anti-Inflammatory Tablets exceeded expectations. Highly recommend to friends!,True,PureGlow Cleansing Balm,Customer_4081,50
REV-B01E9A58,2024-12-15,2,Caused allergic reaction on my neck. I want a refund immediately.,True,HydraBoost Daily Moisturizer,Customer_4593,21
REV-FB40D0E4,2024-05-19,2,Ordered the Omega-3 Fish Oil Supplement and smells rancid like old oil. So angry right now.,True,Radiance Vitamin C Serum,Customer_8175,33
REV-F6310E1E,2023-05-10,2,One star is too generous. Dropper broke inside the bottle.,True,Probiotic Gut Health Capsules,Customer_8926,23
REV-D113DEB2,2024-07-26,5,Absolutely love this product! Shipping was fast too.,True,Probiotic Gut Health Capsules,Customer_8316,4
REV-EA8BD6A5,2024-10-18,5,Just received my order and love the natural ingredients. Great job!,True,Youth Renewal Night Cream,Customer_1123,22
REV-080FA6BE,2024-08-23,4,Product works exactly as described. Been using for 2 months now.,False,Probiotic Gut Health Capsules,Customer_1667,7
REV-A40232ED,2023-01-10,2,Very disappointed. The caused breakout within days. Won't buy again.,True,Probiotic Gut Health Capsules,Customer_8859,39
REV-CDF66472,2024-05-06,1,Terrible experience. Couldn't cancel my subscription. Avoid this product.,True,HydraBoost Daily Moisturizer,Customer_8697,62
REV-F2998B0A,2024-03-18,2,They ignored my refund request. I want a refund immediately.,True,PureGlow Cleansing Balm,Customer_4853,44
REV-8C08BE89,2023-02-08,5,Great value for money! Shipping was fast too.,True,Omega-3 Fish Oil Supplement,Customer_9770,49
REV-B4579F8C,2023-01-14,2,Very disappointed. The bottle leaked all over the box. Won't buy again.,False,Omega-3 Fish Oil Supplement,Customer_6640,46
REV-D0C684F0,2024-09-11,4,Just received my order and exceeded my expectations. Great job!,True,Collagen Beauty Powder,Customer_6716,34
REV-97B14D73,2023-10-31,5,The Probiotic Gut Health Capsules exceeded expectations. Love the natural ingredients!,True,Omega-3 Fish Oil Supplement,Customer_6693,23
REV-124E1133,2023-09-11,5,I gentle on sensitive skin! The Collagen Beauty Powder is amazing.,True,HydraBoost Daily Moisturizer,Customer_8322,36
REV-16EEF0AB,2023-08-04,4,Just received my order and fast shipping and great quality. Great job!,True,Omega-3 Fish Oil Supplement,Customer_9485,7
REV-35026BF8,2024-12-04,5,Love the natural ingredients! Shipping was fast too.,True,PureGlow Cleansing Balm,Customer_3917,22
REV-61E3A4D3,2023-10-11,5,The Omega-3 Fish Oil Supplement exceeded expectations. Gentle on sensitive skin!,True,HydraBoost Daily Moisturizer,Customer_4641,17
REV-08E1AA28,2023-11-03,4,I great value for money! The PureGlow Cleansing Balm is amazing.,True,Collagen Beauty Powder,Customer_8679,16
REV-0EE67184,2023-09-17,1,Waste of money. Representative was rude and unhelpful. Customer service was no help.,True,Turmeric Anti-Inflammatory Tablets,Customer_6141,80
REV-D11323B7,2024-09-16,5,Best purchase i've made this year. Been using for 2 months now.,True,Youth Renewal Night Cream,Customer_9994,20
REV-3E4DE21A,2023-08-20,2,Very disappointed. The label peeled off immediately. Won't buy again.,True,HydraBoost Daily Moisturizer,Customer_2438,1
REV-B7CB0804,2024-10-29,5,Packaging was beautiful and secure. Been using for 2 months now.,True,Youth Renewal Night Cream,Customer_3493,26
REV-A53CE22E,2023-10-10,1,Ordered the PureGlow Cleansing Balm and hard to find cancel button. So angry right now.,True,HydraBoost Daily Moisturizer,Customer_4210,79
REV-98187C2A,2024-08-31,5,The Radiance Vitamin C Serum exceeded expectations. Gentle on sensitive skin!,True,PureGlow Cleansing Balm,Customer_2043,15
REV-9FC8BFA4,2024-12-01,3,Decent quality but slow shipping. It's fine I guess.,True,HydraBoost Daily Moisturizer,Customer_7199,5
REV-B7FB23F5,2023-02-21,5,Noticed results in just one week! Shipping was fast too.,True,Probiotic Gut Health Capsules,Customer_2468,40
REV-BCFDF01C,2023-01-30,3,Does what it says but slowly. It's fine I guess.,True,Youth Renewal Night Cream,Customer_8616,16
REV-9C231E72,2023-06-26,5,I love the natural ingredients! The Radiance Vitamin C Serum is amazing.,True,Omega-3 Fish Oil Supplement,Customer_5406,34
REV-690099D2,2024-03-25,4,Just received my order and packaging was beautiful and secure. Great job!,True,Omega-3 Fish Oil Supplement,Customer_7555,0
REV-4E084BA7,2024-02-05,2,DO NOT BUY. Dropper broke inside the bottle. This company doesn't care.,True,Probiotic Gut Health Capsules,Customer_4795,7
REV-3A4897DC,2024-03-14,2,Wrong item was sent. I want a refund immediately.,True,Omega-3 Fish Oil Supplement,Customer_9654,37
REV-431F0898,2024-10-26,4,Fast shipping and great quality. Been using for 2 months now.,True,Turmeric Anti-Inflammatory Tablets,Customer_3604,27
REV-2D9C5D79,2023-05-03,4,Just received my order and fast shipping and great quality. Great job!,True,Youth Renewal Night Cream,Customer_4149,10
REV-F9CE1A04,2023-10-07,3,Decent quality but slow shipping. It's fine I guess.,True,Collagen Beauty Powder,Customer_2887,27
REV-C433EAE3,2024-01-14,1,Waited 45 minutes on chat with no help. I want a refund immediately.,True,Probiotic Gut Health Capsules,Customer_1283,47
REV-35165B6D,2024-04-15,5,Just received my order and fast shipping and great quality. Great job!,True,Omega-3 Fish Oil Supplement,Customer_8342,2
REV-EC305B70,2024-06-21,2,Terrible experience. Discount code didn't apply. Avoid this product.,True,HydraBoost Daily Moisturizer,Customer_2213,4
REV-BE9E5F2E,2024-06-06,5,I great value for money! The Turmeric Anti-Inflammatory Tablets is amazing.,True,Turmeric Anti-Inflammatory Tablets,Customer_5034,21
REV-47CA4071,2023-02-26,1,Terrible experience. Chat bot kept looping without solution. Avoid this product.,False,Probiotic Gut Health Capsules,Customer_3461,50
REV-6228FD33,2024-04-15,2,The Omega-3 Fish Oil Supplement got generic copy-paste responses. Very frustrated with this purchase.,True,Probiotic Gut Health Capsules,Customer_6453,14
REV-15A14A25,2023-11-23,2,Very disappointed. The got generic copy-paste responses. Won't buy again.,True,Turmeric Anti-Inflammatory Tablets,Customer_7667,19
REV-85A97745,2024-11-12,5,Just received my order and absolutely love this product. Great job!,True,PureGlow Cleansing Balm,Customer_8194,49
REV-098BC05A,2024-11-21,5,I will definitely repurchase! The Turmeric Anti-Inflammatory Tablets is amazing.,True,Radiance Vitamin C Serum,Customer_2737,9
REV-EB3E115E,2023-03-20,5,Absolutely love this product. Been using for 2 months now.,False,PureGlow Cleansing Balm,Customer_5286,42
REV-7099924D,2024-04-10,5,Just received my order and product works exactly as described. Great job!,True,PureGlow Cleansing Balm,Customer_4160,15
REV-B3AB8942,2024-06-20,5,I absolutely love this product! The Radiance Vitamin C Serum is amazing.,True,Probiotic Gut Health Capsules,Customer_7928,8
REV-DAFD1FAA,2023-03-01,1,Ordered the Omega-3 Fish Oil Supplement and made my skin red and irritated. So angry right now.,False,PureGlow Cleansing Balm,Customer_4387,73
REV-E84B3081,2024-12-17,5,Fast shipping and great quality. Been using for 2 months now.,True,PureGlow Cleansing Balm,Customer_4805,11
REV-FAFCA3F9,2023-09-06,5,My skin has never looked better! Shipping was fast too.,True,HydraBoost Daily Moisturizer,Customer_4170,19
REV-25BBC992,2023-04-12,4,Just received my order and fast shipping and great quality. Great job!,True,Youth Renewal Night Cream,Customer_2360,36
REV-58714245,2023-03-01,4,Product works exactly as described! Shipping was fast too.,True,Turmeric Anti-Inflammatory Tablets,Customer_9963,6
REV-C6F2731E,2024-08-26,5,I exceeded my expectations! The Youth Renewal Night Cream is amazing.,True,Youth Renewal Night Cream,Customer_4097,40
REV-D5F9095A,2023-04-01,5,The Turmeric Anti-Inflammatory Tablets exceeded expectations. Love the natural ingredients!,True,Turmeric Anti-Inflammatory Tablets,Customer_2718,42
REV-7A8F0927,2024-07-03,4,I absolutely love this product! The PureGlow Cleansing Balm is amazing.,True,Collagen Beauty Powder,Customer_2119,19
REV-726C13BD,2023-02-04,2,One star is too generous. Hard to find cancel button.,True,Omega-3 Fish Oil Supplement,Customer_8330,3
REV-9D8FBBFF,2024-03-03,5,I will definitely repurchase! The HydraBoost Daily Moisturizer is amazing.,False,Turmeric Anti-Inflammatory Tablets,Customer_4091,44
REV-9B7BF245,2023-11-07,2,The Omega-3 Fish Oil Supplement discount code didn't apply. Very frustrated with this purchase.,False,Omega-3 Fish Oil Supplement,Customer_7031,31
REV-61D0FCFB,2024-12-01,5,Just received my order and highly recommend to friends. Great job!,True,Radiance Vitamin C Serum,Customer_5296,30
REV-410188F6,2023-08-03,2,Seal was already broken. I want a refund immediately.,True,Collagen Beauty Powder,Customer_8430,25
REV-5E5FE98E,2024-03-03,5,The Turmeric Anti-Inflammatory Tablets exceeded expectations. Packaging was beautiful and secure!,True,Radiance Vitamin C Serum,Customer_8408,14
REV-60359EFA,2023-03-18,4,I product works exactly as described! The Omega-3 Fish Oil Supplement is amazing.,True,PureGlow Cleansing Balm,Customer_9516,39
REV-DC649D39,2024-08-28,5,I noticed results in just one week! The Probiotic Gut Health Capsules is amazing.,True,Turmeric Anti-Inflammatory Tablets,Customer_7477,24
REV-DF4D2A20,2023-07-23,5,Love the natural ingredients. Been using for 2 months now.,False,Probiotic Gut Health Capsules,Customer_9372,0
REV-FA6B50D8,2023-04-05,3,Not bad but not amazing either. It's fine I guess.,True,Probiotic Gut Health Capsules,Customer_6791,18
REV-2541AF49,2023-11-13,2,Ordered the Collagen Beauty Powder and caused breakout within days. So angry right now.,True,Radiance Vitamin C Serum,Customer_4113,18
REV-92C9E79E,2024-08-01,2,Very disappointed. The hidden fees appeared at checkout. Won't buy again.,True,Youth Renewal Night Cream,Customer_1912,39
REV-42C6AE9A,2024-04-12,4,Great value for money. Been using for 2 months now.,True,Probiotic Gut Health Capsules,Customer_5948,14
REV-5EB66D03,2023-04-06,1,Very disappointed. The representative was rude and unhelpful. Won't buy again.,True,PureGlow Cleansing Balm,Customer_4161,53
REV-6119D5F9,2024-09-28,5,Great value for money! Shipping was fast too.,False,Omega-3 Fish Oil Supplement,Customer_8169,5
REV-8AE57958,2023-06-07,4,Just received my order and great value for money. Great job!,False,PureGlow Cleansing Balm,Customer_4037,44
REV-D47728B6,2023-10-03,5,The PureGlow Cleansing Balm exceeded expectations. Product works exactly as described!,True,PureGlow Cleansing Balm,Customer_9987,42
REV-5CCA5EAC,2023-10-19,3,Would consider other options next time. It's fine I guess.,True,Probiotic Gut Health Capsules,Customer_1469,30
REV-D6229341,2023-08-17,4,I great value for money! The Radiance Vitamin C Serum is amazing.,True,Youth Renewal Night Cream,Customer_5268,7
REV-B1B4CE53,2023-01-16,1,DO NOT BUY. Package arrived damaged. This company doesn't care.,True,Youth Renewal Night Cream,Customer_4769,46
REV-8F3CE0E9,2024-04-06,4,Customer service was super helpful. Been using for 2 months now.,False,Collagen Beauty Powder,Customer_9157,26
REV-CDF2E09F,2024-06-14,1,Caused breakout within days. I want a refund immediately.,True,PureGlow Cleansing Balm,Customer_1552,19
REV-C9E238C4,2024-08-18,2,Terrible experience. Wrong item was sent. Avoid this product.,True,Collagen Beauty Powder,Customer_3918,42
REV-121C046E,2023-01-01,3,Not bad but not amazing either. It's fine I guess.,True,Radiance Vitamin C Serum,Customer_9308,33
REV-DB1D0294,2023-07-18,2,Hard to find cancel button. I want a refund immediately.,True,HydraBoost Daily Moisturizer,Customer_7457,25
REV-F0E86B5D,2024-05-28,1,Very disappointed. The subscription price increased without notice. Won't buy again.,True,Radiance Vitamin C Serum,Customer_8050,59
REV-E437BF24,2023-06-03,2,The Youth Renewal Night Cream nobody answered my phone call. Very frustrated with this purchase.,False,Radiance Vitamin C Serum,Customer_4202,37
REV-154AC11A,2024-07-28,5,I absolutely love this product! The Omega-3 Fish Oil Supplement is amazing.,True,Turmeric Anti-Inflammatory Tablets,Customer_9499,18
REV-02B28E2F,2023-08-12,5,I will definitely repurchase! The Youth Renewal Night Cream is amazing.,True,Radiance Vitamin C Serum,Customer_5813,13
REV-C164D216,2024-06-12,1,Waste of money. Label peeled off immediately. Customer service was no help.,True,PureGlow Cleansing Balm,Customer_9205,61
REV-AB0B32DA,2024-02-17,4,The Youth Renewal Night Cream exceeded expectations. Highly recommend to friends!,False,Turmeric Anti-Inflammatory Tablets,Customer_2551,32
REV-DC4C1B96,2024-03-19,4,I exceeded my expectations! The Collagen Beauty Powder is amazing.,True,HydraBoost Daily Moisturizer,Customer_3594,25
REV-58C57639,2023-12-07,4,Just received my order and absolutely love this product. Great job!,True,Probiotic Gut Health Capsules,Customer_5850,20
REV-ACAE14F9,2023-04-22,3,Average product for the price. It's fine I guess.,True,Omega-3 Fish Oil Supplement,Customer_3043,13
REV-278F4668,2024-04-18,3,It's okay nothing special. It's fine I guess.,True,PureGlow Cleansing Balm,Customer_4612,13
REV-42CEB2A5,2024-03-07,5,Absolutely love this product. Been using for 2 months now.,True,PureGlow Cleansing Balm,Customer_5264,24
REV-7F735043,2023-03-26,3,Average product for the price. It's fine I guess.,True,Radiance Vitamin C Serum,Customer_8216,49
REV-86CE4C0A,2024-04-23,5,Just received my order and product works exactly as described. Great job!,True,Radiance Vitamin C Serum,Customer_5104,1
REV-D5E70907,2024-02-10,5,The Turmeric Anti-Inflammatory Tablets exceeded expectations. Noticed results in just one week!,True,Turmeric Anti-Inflammatory Tablets,Customer_8218,8
REV-41D09B62,2023-12-09,5,The Radiance Vitamin C Serum exceeded expectations. Product works exactly as described!,False,Radiance Vitamin C Serum,Customer_8691,26
REV-63F1648C,2024-06-13,5,Just received my order and absolutely love this product. Great job!,True,Probiotic Gut Health Capsules,Customer_8642,33
REV-B47C788D,2024-04-10,2,The Turmeric Anti-Inflammatory Tablets charged twice for same order. Very frustrated with this purchase.,False,Turmeric Anti-Inflammatory Tablets,Customer_7136,4
REV-7B6B01AC,2023-09-09,3,Might work for others but not for me. It's fine I guess.,False,Probiotic Gut Health Capsules,Customer_7601,41
REV-A7691C9A,2023-06-07,1,Very disappointed. The chat bot kept looping without solution. Won't buy again.,True,Collagen Beauty Powder,Customer_2664,76
REV-C9567A8A,2023-01-18,2,The Probiotic Gut Health Capsules hard to find cancel button. Very frustrated with this purchase.,True,Turmeric Anti-Inflammatory Tablets,Customer_2462,11
REV-8F61CB88,2023-10-02,5,The Youth Renewal Night Cream exceeded expectations. Exceeded my expectations!,True,HydraBoost Daily Moisturizer,Customer_7041,24
REV-5FF3E613,2024-08-12,5,I exceeded my expectations! The Turmeric Anti-Inflammatory Tablets is amazing.,False,PureGlow Cleansing Balm,Customer_4348,45
REV-552E9A78,2024-11-29,1,Ordered the Radiance Vitamin C Serum and no protective packaging at all. So angry right now.,True,Radiance Vitamin C Serum,Customer_2369,97
REV-BC4F0817,2024-03-04,2,Very disappointed. The packaging looks cheap for the price. Won't buy again.,True,Radiance Vitamin C Serum,Customer_8128,11
REV-EECF4B75,2024-10-11,1,The PureGlow Cleansing Balm caused breakout within days. Very frustrated with this purchase.,True,Probiotic Gut Health Capsules,Customer_8997,98
REV-2B08E569,2024-08-26,4,Will definitely repurchase. Been using for 2 months now.,False,Omega-3 Fish Oil Supplement,Customer_1199,12
REV-8D936AE6,2024-08-31,2,DO NOT BUY. Package left in rain. This company doesn't care.,True,Probiotic Gut Health Capsules,Customer_7516,44
REV-441CE8CA,2023-03-04,1,The HydraBoost Daily Moisturizer delivery was delayed by 2 weeks. Very frustrated with this purchase.,True,PureGlow Cleansing Balm,Customer_6817,55
REV-87499306,2024-01-18,5,Fast shipping and great quality. Been using for 2 months now.,True,Omega-3 Fish Oil Supplement,Customer_6941,48
REV-F3B14A09,2024-11-27,1,The PureGlow Cleansing Balm took 2 weeks to get a response. Very frustrated with this purchase.,True,Omega-3 Fish Oil Supplement,Customer_8832,55
REV-E1278B60,2023-09-05,1,Ordered the PureGlow Cleansing Balm and dropper broke inside the bottle. So angry right now.,True,Omega-3 Fish Oil Supplement,Customer_5988,36
REV-3925CB7E,2024-01-12,4,I highly recommend to friends! The Youth Renewal Night Cream is amazing.,True,Turmeric Anti-Inflammatory Tablets,Customer_9158,0
REV-C0890747,2024-07-18,2,One star is too generous. Agent hung up on me.,False,Youth Renewal Night Cream,Customer_6933,6
REV-B43AD39E,2023-08-08,1,One star is too generous. No protective packaging at all.,True,Youth Renewal Night Cream,Customer_8339,12
REV-D70C01D1,2024-08-28,5,Highly recommend to friends! Shipping was fast too.,False,PureGlow Cleansing Balm,Customer_1190,29
REV-CB6F93D8,2023-06-18,3,It's okay nothing special. It's fine I guess.,False,PureGlow Cleansing Balm,Customer_8362,35
REV-0891E1BC,2023-01-31,5,I fast shipping and great quality! The HydraBoost Daily Moisturizer is amazing.,True,Probiotic Gut Health Capsules,Customer_7223,32
REV-E93C0A67,2024-11-21,2,One star is too generous. Consistency is too thick and greasy.,True,Radiance Vitamin C Serum,Customer_9470,14
REV-E4BEEA1C,2024-09-28,5,Noticed results in just one week! Shipping was fast too.,False,Probiotic Gut Health Capsules,Customer_6243,17
REV-A3C9D1A0,2024-08-12,3,Would consider other options next time. It's fine I guess.,True,Collagen Beauty Powder,Customer_5674,4
REV-1D747D7B,2023-01-16,5,Just received my order and will definitely repurchase. Great job!,True,Probiotic Gut Health Capsules,Customer_5480,40
REV-898EC69E,2023-03-21,1,Waste of money. Pump dispenser doesn't work. Customer service was no help.,True,Youth Renewal Night Cream,Customer_2835,62
REV-DE4B7E96,2023-10-25,3,Works but takes time to see results. It's fine I guess.,True,Turmeric Anti-Inflammatory Tablets,Customer_6826,39
REV-7616CEFA,2024-01-27,4,My skin has never looked better! Shipping was fast too.,False,HydraBoost Daily Moisturizer,Customer_5159,2
REV-C5514DB2,2023-08-16,3,It's okay nothing special. It's fine I guess.,True,Turmeric Anti-Inflammatory Tablets,Customer_6761,3
REV-EA5B7C90,2024-10-04,4,Product works exactly as described. Been using for 2 months now.,True,Radiance Vitamin C Serum,Customer_2093,8
REV-C02070BA,2023-01-11,1,Waste of money. Texture changed from previous order. Customer service was no help.,True,Turmeric Anti-Inflammatory Tablets,Customer_3948,75
REV-9F73670A,2023-03-19,3,Might work for others but not for me. It's fine I guess.,False,HydraBoost Daily Moisturizer,Customer_7927,16
REV-613A1999,2024-02-03,2,One star is too generous. Nobody answered my phone call.,True,Turmeric Anti-Inflammatory Tablets,Customer_1464,45
REV-7E3691EF,2024-04-08,3,Would consider other options next time. It's fine I guess.,True,Collagen Beauty Powder,Customer_5061,36
REV-CF6D1F7E,2024-11-04,3,Not bad but not amazing either. It's fine I guess.,False,Radiance Vitamin C Serum,Customer_4590,49
REV-E4E0C871,2024-06-26,1,Discount code didn't apply. I want a refund immediately.,False,HydraBoost Daily Moisturizer,Customer_7337,1
REV-1CE16B3A,2023-08-25,1,Very disappointed. The pump broke after first use. Won't buy again.,False,Radiance Vitamin C Serum,Customer_6296,22
REV-19C19737,2023-02-11,3,Works but takes time to see results. It's fine I guess.,True,Probiotic Gut Health Capsules,Customer_1172,27
REV-17C1E3C3,2023-01-13,4,Just received my order and packaging was beautiful and secure. Great job!,True,HydraBoost Daily Moisturizer,Customer_9461,29
REV-C4567381,2024-07-22,5,Just received my order and absolutely love this product. Great job!,True,Omega-3 Fish Oil Supplement,Customer_2379,49
REV-FA4DA943,2023-12-31,3,It's okay nothing special. It's fine I guess.,True,PureGlow Cleansing Balm,Customer_7467,21
REV-1199B5C7,2024-11-06,5,Product works exactly as described. Been using for 2 months now.,True,Youth Renewal Night Cream,Customer_4472,32
REV-54D4FC9F,2024-04-06,4,I absolutely love this product! The PureGlow Cleansing Balm is amazing.,True,Radiance Vitamin C Serum,Customer_8832,10
REV-A86BD566,2023-10-20,5,Just received my order and love the natural ingredients. Great job!,True,PureGlow Cleansing Balm,Customer_1267,23
REV-4723954A,2024-09-10,2,Very disappointed. The pump broke after first use. Won't buy again.,True,Collagen Beauty Powder,Customer_9705,30
REV-292234A3,2024-06-03,2,Label peeled off immediately. I want a refund immediately.,True,Collagen Beauty Powder,Customer_3382,27
REV-B870324E,2024-09-04,1,Ordered the Collagen Beauty Powder and jar arrived cracked. So angry right now.,True,PureGlow Cleansing Balm,Customer_5720,90
REV-ED99E66C,2023-05-23,1,Shipping cost more than the product. I want a refund immediately.,True,Probiotic Gut Health Capsules,Customer_7521,43
REV-494B6927,2023-08-04,4,I this brand really cares about customers! The Turmeric Anti-Inflammatory Tablets is amazing.,True,PureGlow Cleansing Balm,Customer_3521,20
REV-BCB7093C,2023-04-10,4,I best purchase I've made this year! The Omega-3 Fish Oil Supplement is amazing.,True,Turmeric Anti-Inflammatory Tablets,Customer_8859,39
REV-EF14A361,2023-04-14,5,Love the natural ingredients! Shipping was fast too.,True,Youth Renewal Night Cream,Customer_4383,17
REV-CF56BD99,2024-09-17,2,Support never responded to my email. I want a refund immediately.,False,Radiance Vitamin C Serum,Customer_2163,8
REV-DB20D5C1,2024-03-18,5,Great value for money! Shipping was fast too.,False,Probiotic Gut Health Capsules,Customer_3093,44
REV-3CEB9C7C,2023-01-27,5,I best purchase I've made this year! The Turmeric Anti-Inflammatory Tablets is amazing.,True,HydraBoost Daily Moisturizer,Customer_2429,42
REV-6AE24DD5,2023-01-19,2,Very disappointed. The agent hung up on me. Won't buy again.,True,Omega-3 Fish Oil Supplement,Customer_7430,5
REV-495A3CB5,2023-03-22,3,Might work for others but not for me. It's fine I guess.,True,Radiance Vitamin C Serum,Customer_4696,9
REV-3A41F4AD,2024-08-12,1,Very disappointed. The no protective packaging at all. Won't buy again.,True,Probiotic Gut Health Capsules,Customer_5729,38
REV-D73B55C3,2024-04-23,5,I customer service was super helpful! The Radiance Vitamin C Serum is amazing.,True,PureGlow Cleansing Balm,Customer_4743,43
REV-0293BCB9,2023-07-26,5,Just received my order and packaging was beautiful and secure. Great job!,True,PureGlow Cleansing Balm,Customer_7715,16
REV-5F4AA917,2023-04-05,2,Terrible experience. Made my skin red and irritated. Avoid this product.,False,Probiotic Gut Health Capsules,Customer_4142,8
REV-2A127868,2023-11-12,5,The Probiotic Gut Health Capsules exceeded expectations. Packaging was beautiful and secure!,False,Youth Renewal Night Cream,Customer_2677,43
REV-F7FE7521,2024-04-09,2,Terrible experience. Wrong item was sent. Avoid this product.,False,HydraBoost Daily Moisturizer,Customer_4943,46
REV-55EACB0C,2023-06-27,4,I noticed results in just one week! The Youth Renewal Night Cream is amazing.,True,Omega-3 Fish Oil Supplement,Customer_9619,22
REV-7D5ADC39,2023-12-27,3,Not bad but not amazing either. It's fine I guess.,True,Youth Renewal Night Cream,Customer_6643,43
REV-2455CB59,2023-09-24,1,Terrible experience. Cap was loose and product spilled. Avoid this product.,True,Radiance Vitamin C Serum,Customer_8510,11
REV-2DB6FF63,2023-12-05,2,DO NOT BUY. Representative was rude and unhelpful. This company doesn't care.,True,Turmeric Anti-Inflammatory Tablets,Customer_7902,0
REV-E38CC825,2023-03-30,1,The HydraBoost Daily Moisturizer product separated in the bottle. Very frustrated with this purchase.,False,Probiotic Gut Health Capsules,Customer_6507,10
REV-F987B627,2023-12-04,1,Caused breakout within days. I want a refund immediately.,True,Turmeric Anti-Inflammatory Tablets,Customer_9914,44
REV-B150B574,2024-05-22,4,The Collagen Beauty Powder exceeded expectations. My skin has never looked better!,True,Collagen Beauty Powder,Customer_4040,23
REV-A801AD09,2024-05-20,4,Will definitely repurchase! Shipping was fast too.,True,Probiotic Gut Health Capsules,Customer_9364,17
REV-5E8600DC,2024-10-15,5,Customer service was super helpful. Been using for 2 months now.,True,HydraBoost Daily Moisturizer,Customer_1499,48
REV-BD37C48A,2024-03-11,4,Product works exactly as described! Shipping was fast too.,True,Radiance Vitamin C Serum,Customer_1821,2
REV-974261C6,2023-02-06,2,The Omega-3 Fish Oil Supplement seal was already broken. Very frustrated with this purchase.,True,Youth Renewal Night Cream,Customer_5891,0
REV-3BBC58D4,2023-04-15,4,Love the natural ingredients. Been using for 2 months now.,True,Turmeric Anti-Inflammatory Tablets,Customer_5820,13
REV-C70196A7,2023-04-28,5,Best purchase i've made this year! Shipping was fast too.,True,Turmeric Anti-Inflammatory Tablets,Customer_5323,36
REV-CBDD8DD1,2024-05-09,2,Couldn't cancel my subscription. I want a refund immediately.,True,HydraBoost Daily Moisturizer,Customer_4783,5
REV-A59EFCE7,2023-05-17,3,Works but takes time to see results. It's fine I guess.,True,Youth Renewal Night Cream,Customer_2506,12
REV-BCA329ED,2024-02-25,3,Not bad but not amazing either. It's fine I guess.,True,HydraBoost Daily Moisturizer,Customer_6125,17
REV-29062F2B,2023-05-29,4,I fast shipping and great quality! The Radiance Vitamin C Serum is amazing.,True,Omega-3 Fish Oil Supplement,Customer_9194,28
REV-0D84DA5C,2024-10-06,4,Great value for money! Shipping was fast too.,True,PureGlow Cleansing Balm,Customer_6702,1
REV-D2AB9D58,2023-04-29,4,Absolutely love this product. Been using for 2 months now.,True,Collagen Beauty Powder,Customer_6819,7
REV-99154477,2023-11-08,2,Order never showed up. I want a refund immediately.,False,Probiotic Gut Health Capsules,Customer_5117,27
REV-DC39CD2B,2023-12-07,2,One star is too generous. Chat bot kept looping without solution.,False,Radiance Vitamin C Serum,Customer_5966,28
REV-4C36A690,2023-10-05,2,Ordered the Probiotic Gut Health Capsules and took 2 weeks to get a response. So angry right now.,True,PureGlow Cleansing Balm,Customer_6652,20
REV-EA7F746E,2024-01-01,1,DO NOT BUY. Pump broke after first use. This company doesn't care.,True,Youth Renewal Night Cream,Customer_6393,57
REV-5AB9A5AE,2023-11-16,3,Not bad but not amazing either. It's fine I guess.,True,Probiotic Gut Health Capsules,Customer_6073,43
REV-76503DCD,2024-12-27,4,Fast shipping and great quality. Been using for 2 months now.,True,Youth Renewal Night Cream,Customer_9318,12
REV-EB8E4E86,2024-12-18,3,Works but takes time to see results. It's fine I guess.,False,Omega-3 Fish Oil Supplement,Customer_2629,14
REV-5EF3B2B3,2023-12-12,1,Waste of money. Smells rancid like old oil. Customer service was no help.,True,Collagen Beauty Powder,Customer_8043,33
REV-59103EA5,2023-09-12,5,Highly recommend to friends. Been using for 2 months now.,True,PureGlow Cleansing Balm,Customer_3859,43
REV-AAC6E302,2023-05-15,5,I exceeded my expectations! The Collagen Beauty Powder is amazing.,True,Omega-3 Fish Oil Supplement,Customer_1241,19
REV-EAB9100D,2023-10-04,1,Terrible experience. Order never showed up. Avoid this product.,False,Youth Renewal Night Cream,Customer_1489,60
REV-78EE2569,2024-04-14,1,One star is too generous. Made my skin red and irritated.,True,Radiance Vitamin C Serum,Customer_6004,9
REV-43AA24D8,2023-12-04,4,Product works exactly as described! Shipping was fast too.,True,HydraBoost Daily Moisturizer,Customer_8064,27
REV-0F2BC3AC,2024-03-10,1,One star is too generous. Texture changed from previous order.,True,Probiotic Gut Health Capsules,Customer_9334,3
REV-C8FE3605,2023-09-27,3,It's okay nothing special. It's fine I guess.,False,Radiance Vitamin C Serum,Customer_5733,50
REV-ED4920B3,2024-05-31,5,Gentle on sensitive skin. Been using for 2 months now.,True,Omega-3 Fish Oil Supplement,Customer_1421,18
REV-F54A1446,2024-12-14,5,Gentle on sensitive skin! Shipping was fast too.,True,Collagen Beauty Powder,Customer_6170,15
REV-F4391EB4,2023-02-06,5,The Probiotic Gut Health Capsules exceeded expectations. Absolutely love this product!,True,Collagen Beauty Powder,Customer_7987,7
REV-767DC47D,2023-12-15,5,I my skin has never looked better! The Collagen Beauty Powder is amazing.,True,Collagen Beauty Powder,Customer_6803,42
REV-8327A590,2024-05-07,4,Fast shipping and great quality. Been using for 2 months now.,True,HydraBoost Daily Moisturizer,Customer_2884,26
REV-7F5D6432,2023-07-18,2,DO NOT BUY. Texture changed from previous order. This company doesn't care.,True,Youth Renewal Night Cream,Customer_1641,50
REV-07066171,2024-10-19,2,One star is too generous. They made cancellation intentionally difficult.,True,Youth Renewal Night Cream,Customer_3664,40
REV-63E599CC,2024-03-21,2,Terrible experience. Agent hung up on me. Avoid this product.,False,Omega-3 Fish Oil Supplement,Customer_8802,22
REV-031C4076,2024-07-13,2,DO NOT BUY. Bottle was only half full. This company doesn't care.,True,Omega-3 Fish Oil Supplement,Customer_6156,16
REV-A91283FB,2024-01-06,5,The HydraBoost Daily Moisturizer exceeded expectations. Will definitely repurchase!,False,Omega-3 Fish Oil Supplement,Customer_4089,47
REV-5128962D,2024-01-29,4,The HydraBoost Daily Moisturizer exceeded expectations. Absolutely love this product!,True,Omega-3 Fish Oil Supplement,Customer_3676,36
REV-7573912F,2023-05-25,3,Does what it says but slowly. It's fine I guess.,True,Turmeric Anti-Inflammatory Tablets,Customer_7698,25
REV-581B2F66,2024-11-04,4,The Omega-3 Fish Oil Supplement exceeded expectations. Gentle on sensitive skin!,True,Omega-3 Fish Oil Supplement,Customer_5427,33
REV-AEFF402E,2023-10-07,1,Very disappointed. The wrong item was sent. Won't buy again.,False,PureGlow Cleansing Balm,Customer_1323,29
REV-8A8D26A9,2023-02-25,4,The PureGlow Cleansing Balm exceeded expectations. Gentle on sensitive skin!,True,Probiotic Gut Health Capsules,Customer_2825,26
REV-62A9C114,2024-07-24,3,Does what it says but slowly. It's fine I guess.,True,Turmeric Anti-Inflammatory Tablets,Customer_5166,19
REV-809C8145,2024-04-26,4,Just received my order and my skin has never looked better. Great job!,False,Probiotic Gut Health Capsules,Customer_2039,20
REV-E8CEFB56,2023-04-03,4,I exceeded my expectations! The Radiance Vitamin C Serum is amazing.,True,Radiance Vitamin C Serum,Customer_3756,43
REV-8592E378,2023-07-21,3,Average product for the price. It's fine I guess.,False,Omega-3 Fish Oil Supplement,Customer_9083,7
REV-F64FB292,2024-12-05,5,Just received my order and noticed results in just one week. Great job!,False,Youth Renewal Night Cream,Customer_4537,34
REV-99DDD3B0,2024-12-14,4,The HydraBoost Daily Moisturizer exceeded expectations. Customer service was super helpful!,True,Probiotic Gut Health Capsules,Customer_8385,28
REV-247034F5,2024-02-18,2,Very disappointed. The bottle leaked all over the box. Won't buy again.,True,Radiance Vitamin C Serum,Customer_8441,41
REV-D5F972BD,2023-06-23,2,Ordered the Radiance Vitamin C Serum and didn't see any results after 3 weeks. So angry right now.,True,PureGlow Cleansing Balm,Customer_1230,6
REV-8EB3D10C,2023-09-30,5,Exceeded my expectations! Shipping was fast too.,True,Omega-3 Fish Oil Supplement,Customer_7827,40
REV-9CCC386E,2024-03-02,1,The Probiotic Gut Health Capsules jar arrived cracked. Very frustrated with this purchase.,True,Radiance Vitamin C Serum,Customer_4639,89
REV-DBA0DD78,2023-06-04,5,Just received my order and fast shipping and great quality. Great job!,True,Youth Renewal Night Cream,Customer_3894,36
REV-C82F4F19,2024-07-04,2,DO NOT BUY. Hard to find cancel button. This company doesn't care.,True,Probiotic Gut Health Capsules,Customer_1470,47
REV-68B280D9,2023-09-13,1,No protective packaging at all. I want a refund immediately.,True,Youth Renewal Night Cream,Customer_2677,5
REV-EED66C7E,2024-04-01,5,The HydraBoost Daily Moisturizer exceeded expectations. Packaging was beautiful and secure!,True,Turmeric Anti-Inflammatory Tablets,Customer_6103,1
REV-980B8034,2024-02-16,2,Packaging looks cheap for the price. I want a refund immediately.,True,PureGlow Cleansing Balm,Customer_9270,50
REV-269BB274,2024-11-28,1,Waste of money. Tracking number didn't work. Customer service was no help.,True,Collagen Beauty Powder,Customer_5611,81
REV-EC717A47,2024-05-03,1,Packaging looks cheap for the price. I want a refund immediately.,True,Turmeric Anti-Inflammatory Tablets,Customer_8926,20
REV-72BC72A4,2024-02-12,1,The Turmeric Anti-Inflammatory Tablets didn't see any results after 3 weeks. Very frustrated with this purchase.,True,Collagen Beauty Powder,Customer_3214,48
REV-2F126899,2024-05-09,2,Ordered the Radiance Vitamin C Serum and caused breakout within days. So angry right now.,True,Youth Renewal Night Cream,Customer_4587,0
REV-78DBCF9B,2023-07-26,2,Very disappointed. The hard to find cancel button. Won't buy again.,True,PureGlow Cleansing Balm,Customer_8075,26
REV-C7DF5D54,2023-10-06,5,I gentle on sensitive skin! The Turmeric Anti-Inflammatory Tablets is amazing.,True,Collagen Beauty Powder,Customer_5280,47
REV-5E19BE0C,2024-07-15,5,The HydraBoost Daily Moisturizer exceeded expectations. Fast shipping and great quality!,True,Collagen Beauty Powder,Customer_2425,9
REV-07C44580,2023-04-26,1,DO NOT BUY. Pump dispenser doesn't work. This company doesn't care.,True,PureGlow Cleansing Balm,Customer_9845,90
REV-AC3BAF93,2024-10-12,1,One star is too generous. Made my skin red and irritated.,True,Turmeric Anti-Inflammatory Tablets,Customer_4692,34
REV-05486961,2023-03-16,4,The Collagen Beauty Powder exceeded expectations. Best purchase i've made this year!,True,Collagen Beauty Powder,Customer_6682,1
REV-0FA772A7,2023-11-03,4,Packaging was beautiful and secure. Been using for 2 months now.,True,Collagen Beauty Powder,Customer_5533,45
REV-81BE1DEE,2024-08-06,3,Average product for the price. It's fine I guess.,True,HydraBoost Daily Moisturizer,Customer_6737,20
REV-0B6176AA,2024-03-09,4,Just received my order and exceeded my expectations. Great job!,False,Probiotic Gut Health Capsules,Customer_3195,29
REV-27D79673,2023-10-22,4,Absolutely love this product! Shipping was fast too.,False,PureGlow Cleansing Balm,Customer_1343,27
REV-17BDD489,2023-02-05,3,Not bad but not amazing either. It's fine I guess.,True,Turmeric Anti-Inflammatory Tablets,Customer_8308,37
REV-6EFC5444,2023-06-17,1,The Turmeric Anti-Inflammatory Tablets pump broke after first use. Very frustrated with this purchase.,True,Turmeric Anti-Inflammatory Tablets,Customer_4216,64
REV-46C77C88,2024-09-06,2,Terrible experience. Delivery was delayed by 2 weeks. Avoid this product.,False,HydraBoost Daily Moisturizer,Customer_7940,1
REV-A8794985,2024-05-24,1,Terrible experience. Customs held my order for a month. Avoid this product.,False,PureGlow Cleansing Balm,Customer_6697,19
REV-16B7DEDC,2023-09-26,5,The Collagen Beauty Powder exceeded expectations. Best purchase i've made this year!,True,Radiance Vitamin C Serum,Customer_5371,49
REV-7CDA0D37,2023-04-10,4,Product works exactly as described. Been using for 2 months now.,True,Youth Renewal Night Cream,Customer_1549,29
REV-9AB5A379,2023-06-26,2,Terrible experience. Charged twice for same order. Avoid this product.,True,Probiotic Gut Health Capsules,Customer_8638,32
REV-82EB4E8D,2023-04-07,1,Package left in rain. I want a refund immediately.,True,HydraBoost Daily Moisturizer,Customer_8353,95
REV-6B6C8677,2024-04-02,1,Ordered the Radiance Vitamin C Serum and didn't see any results after 3 weeks. So angry right now.,False,PureGlow Cleansing Balm,Customer_1977,89
REV-AFC7C7F0,2024-01-10,3,Average product for the price. It's fine I guess.,True,HydraBoost Daily Moisturizer,Customer_7356,16
REV-F9D31C3E,2023-11-19,4,The HydraBoost Daily Moisturizer exceeded expectations. Will definitely repurchase!,True,Turmeric Anti-Inflammatory Tablets,Customer_9429,23
REV-A544DF4A,2024-04-16,1,Very disappointed. The they made cancellation intentionally difficult. Won't buy again.,True,PureGlow Cleansing Balm,Customer_2917,54
REV-7E722FC4,2023-11-21,2,Waste of money. Product separated in the bottle. Customer service was no help.,True,PureGlow Cleansing Balm,Customer_5050,38
REV-F017CCE2,2024-02-26,4,Noticed results in just one week! Shipping was fast too.,True,Omega-3 Fish Oil Supplement,Customer_8518,48
REV-40AB945A,2024-05-02,4,I my skin has never looked better! The Collagen Beauty Powder is amazing.,True,Collagen Beauty Powder,Customer_7336,48
REV-C2DDB272,2023-12-07,5,I love the natural ingredients! The Radiance Vitamin C Serum is amazing.,True,Radiance Vitamin C Serum,Customer_9075,27
REV-EA0A3B94,2024-11-24,4,Great value for money. Been using for 2 months now.,False,PureGlow Cleansing Balm,Customer_7802,33
REV-404CF154,2024-10-30,3,Would consider other options next time. It's fine I guess.,True,Youth Renewal Night Cream,Customer_7669,0
REV-F763CB77,2024-07-27,5,The Youth Renewal Night Cream exceeded expectations. Gentle on sensitive skin!,True,PureGlow Cleansing Balm,Customer_1713,30
REV-A869682B,2024-10-27,1,Very disappointed. The jar arrived cracked. Won't buy again.,False,PureGlow Cleansing Balm,Customer_2281,75
REV-CFDB27C8,2024-12-19,4,Just received my order and this brand really cares about customers. Great job!,True,Radiance Vitamin C Serum,Customer_8704,42
REV-AFA96965,2024-12-18,4,I customer service was super helpful! The Turmeric Anti-Inflammatory Tablets is amazing.,True,Collagen Beauty Powder,Customer_4970,7
REV-0AC9B6C4,2024-01-22,3,Average product for the price. It's fine I guess.,True,Omega-3 Fish Oil Supplement,Customer_5875,9
REV-C3D0C952,2023-05-07,1,The PureGlow Cleansing Balm package left in rain. Very frustrated with this purchase.,True,Turmeric Anti-Inflammatory Tablets,Customer_6936,7
REV-115AE4DD,2023-10-10,4,I best purchase I've made this year! The Collagen Beauty Powder is amazing.,True,Omega-3 Fish Oil Supplement,Customer_3412,21
REV-D49711DA,2023-11-28,1,Ordered the Probiotic Gut Health Capsules and refund still hasn't processed. So angry right now.,True,Youth Renewal Night Cream,Customer_3185,91
REV-E129C81C,2023-08-07,1,The Turmeric Anti-Inflammatory Tablets hard to find cancel button. Very frustrated with this purchase.,True,HydraBoost Daily Moisturizer,Customer_4403,21
REV-C5F52F7C,2023-01-12,5,The Probiotic Gut Health Capsules exceeded expectations. Best purchase i've made this year!,False,Radiance Vitamin C Serum,Customer_6611,29
REV-03519115,2024-03-06,3,Decent quality but slow shipping. It's fine I guess.,True,Collagen Beauty Powder,Customer_8199,2
REV-A284C0A2,2023-02-27,1,DO NOT BUY. Smells rancid like old oil. This company doesn't care.,True,Probiotic Gut Health Capsules,Customer_6702,94
REV-C90A6967,2023-03-23,4,Packaging was beautiful and secure. Been using for 2 months now.,True,Collagen Beauty Powder,Customer_3515,36
REV-4DE29A74,2024-12-28,2,Packaging looks cheap for the price. I want a refund immediately.,True,PureGlow Cleansing Balm,Customer_1306,21
REV-EDE6A8CC,2023-03-13,4,Just received my order and great value for money. Great job!,True,Youth Renewal Night Cream,Customer_9191,23
REV-151A3E47,2023-12-19,4,The Radiance Vitamin C Serum exceeded expectations. Product works exactly as described!,True,PureGlow Cleansing Balm,Customer_3736,11
REV-23C61A7C,2024-12-01,1,Very disappointed. The didn't see any results after 3 weeks. Won't buy again.,True,Radiance Vitamin C Serum,Customer_1823,16
REV-9EFB57F6,2023-03-08,1,Ordered the Probiotic Gut Health Capsules and label peeled off immediately. So angry right now.,True,Youth Renewal Night Cream,Customer_3853,74
REV-69B3D0B5,2023-12-08,5,I exceeded my expectations! The PureGlow Cleansing Balm is amazing.,True,Collagen Beauty Powder,Customer_8543,42
REV-E53DE98C,2023-07-29,4,Product works exactly as described. Been using for 2 months now.,True,Radiance Vitamin C Serum,Customer_6468,33
REV-0C0B7803,2023-01-07,2,One star is too generous. Discount code didn't apply.,True,Youth Renewal Night Cream,Customer_1264,18
REV-0D81E985,2024-03-27,1,Waste of money. Tracking number didn't work. Customer service was no help.,True,Omega-3 Fish Oil Supplement,Customer_2673,66
REV-1F58BBAA,2024-09-09,4,I gentle on sensitive skin! The Probiotic Gut Health Capsules is amazing.,True,Youth Renewal Night Cream,Customer_9669,4
REV-F3411917,2023-09-15,5,Great value for money! Shipping was fast too.,True,Radiance Vitamin C Serum,Customer_8711,13
REV-10BFE719,2023-12-21,5,The HydraBoost Daily Moisturizer exceeded expectations. Packaging was beautiful and secure!,True,Collagen Beauty Powder,Customer_3611,32
REV-A66F0AC7,2023-12-26,2,Very disappointed. The they ignored my refund request. Won't buy again.,True,Radiance Vitamin C Serum,Customer_1716,50
REV-86BBD5C5,2024-08-05,1,Very disappointed. The cap was loose and product spilled. Won't buy again.,True,HydraBoost Daily Moisturizer,Customer_4700,72
REV-B0BF2D94,2024-09-29,4,I love the natural ingredients! The HydraBoost Daily Moisturizer is amazing.,False,Youth Renewal Night Cream,Customer_1706,44
REV-C5D6E7B3,2024-07-05,2,Very disappointed. The consistency is too thick and greasy. Won't buy again.,True,PureGlow Cleansing Balm,Customer_2672,42
REV-285B62CB,2024-08-14,1,DO NOT BUY. Auto-renewal happened without warning. This company doesn't care.,True,PureGlow Cleansing Balm,Customer_7078,58
REV-4C6A7F64,2023-09-25,1,Pump dispenser doesn't work. I want a refund immediately.,True,Turmeric Anti-Inflammatory Tablets,Customer_9144,72
REV-5309FA29,2024-07-04,5,The Radiance Vitamin C Serum exceeded expectations. Love the natural ingredients!,True,Turmeric Anti-Inflammatory Tablets,Customer_8194,46
REV-A4EEA280,2023-04-29,5,Customer service was super helpful! Shipping was fast too.,True,Radiance Vitamin C Serum,Customer_9706,29
REV-DCBCD06D,2023-06-05,5,Just received my order and best purchase I've made this year. Great job!,True,Turmeric Anti-Inflammatory Tablets,Customer_3187,49
REV-12C314E9,2024-12-25,1,DO NOT BUY. Product separated in the bottle. This company doesn't care.,True,Radiance Vitamin C Serum,Customer_4040,89
REV-594DB693,2024-04-17,5,Gentle on sensitive skin! Shipping was fast too.,True,HydraBoost Daily Moisturizer,Customer_6030,22
REV-1FC8BECF,2023-05-06,4,Gentle on sensitive skin! Shipping was fast too.,False,Omega-3 Fish Oil Supplement,Customer_7242,25
REV-1C590171,2024-08-04,2,Box arrived crushed. I want a refund immediately.,True,HydraBoost Daily Moisturizer,Customer_5816,35
REV-3A968ADC,2024-12-24,3,Does what it says but slowly. It's fine I guess.,False,HydraBoost Daily Moisturizer,Customer_1760,43
REV-467AEE5E,2023-06-17,1,Waste of money. Caused breakout within days. Customer service was no help.,True,Youth Renewal Night Cream,Customer_6421,62
REV-820D026A,2024-02-15,5,Love the natural ingredients! Shipping was fast too.,True,Omega-3 Fish Oil Supplement,Customer_9635,13
REV-C0BD894D,2023-06-10,5,The PureGlow Cleansing Balm exceeded expectations. This brand really cares about customers!,True,Youth Renewal Night Cream,Customer_6676,25
REV-2DEA6F3E,2023-05-16,1,Waste of money. Bottle leaked all over the box. Customer service was no help.,True,HydraBoost Daily Moisturizer,Customer_8823,62
REV-FCBD7F3F,2024-02-08,1,Very disappointed. The caused allergic reaction on my neck. Won't buy again.,True,Radiance Vitamin C Serum,Customer_8018,85
REV-0FF79414,2023-08-11,5,The Turmeric Anti-Inflammatory Tablets exceeded expectations. Absolutely love this product!,True,Radiance Vitamin C Serum,Customer_1313,46
REV-8DE15110,2024-07-03,4,Noticed results in just one week. Been using for 2 months now.,False,HydraBoost Daily Moisturizer,Customer_2231,34
REV-24912EB2,2024-06-21,1,DO NOT BUY. Nobody answered my phone call. This company doesn't care.,True,Youth Renewal Night Cream,Customer_7790,38
REV-E4CA872C,2024-10-23,1,One star is too generous. Shipping cost more than the product.,True,Turmeric Anti-Inflammatory Tablets,Customer_2379,87
REV-E1ACE0B5,2024-05-26,3,Average product for the price. It's fine I guess.,True,Youth Renewal Night Cream,Customer_4149,39
REV-10E1D514,2024-05-07,2,One star is too generous. Wrong item was sent.,False,PureGlow Cleansing Balm,Customer_1935,40
REV-E7BE5AA6,2023-12-25,1,Terrible experience. Seal was already broken. Avoid this product.,False,PureGlow Cleansing Balm,Customer_7437,77
REV-9F6E6ADE,2024-05-08,3,Might work for others but not for me. It's fine I guess.,True,Radiance Vitamin C Serum,Customer_2214,21
REV-B0AF0FCA,2023-03-15,1,The Collagen Beauty Powder package left in rain. Very frustrated with this purchase.,True,Omega-3 Fish Oil Supplement,Customer_1619,58
REV-37DED5D2,2023-03-24,2,Very disappointed. The box arrived crushed. Won't buy again.,True,Probiotic Gut Health Capsules,Customer_6159,25
REV-775FC7E2,2024-01-10,5,The Omega-3 Fish Oil Supplement exceeded expectations. Gentle on sensitive skin!,True,HydraBoost Daily Moisturizer,Customer_8895,30
REV-79305A4E,2024-04-15,4,Just received my order and great value for money. Great job!,True,PureGlow Cleansing Balm,Customer_5559,17
REV-2158EA3A,2024-12-21,3,It's okay nothing special. It's fine I guess.,True,Turmeric Anti-Inflammatory Tablets,Customer_8507,35
REV-1E5DE37A,2023-08-13,4,Great value for money! Shipping was fast too.,True,PureGlow Cleansing Balm,Customer_7858,36
REV-016B515E,2023-10-18,4,Absolutely love this product. Been using for 2 months now.,True,Youth Renewal Night Cream,Customer_8461,35
REV-FE3778CC,2023-02-25,4,The Radiance Vitamin C Serum exceeded expectations. Packaging was beautiful and secure!,True,PureGlow Cleansing Balm,Customer_1158,19
REV-84A55235,2023-05-13,5,I fast shipping and great quality! The Collagen Beauty Powder is amazing.,True,Turmeric Anti-Inflammatory Tablets,Customer_9087,29
REV-AA0D025A,2023-02-12,1,Shipping took over 3 weeks. I want a refund immediately.,True,PureGlow Cleansing Balm,Customer_9698,64
REV-9682725D,2023-08-27,5,Absolutely love this product! Shipping was fast too.,False,Radiance Vitamin C Serum,Customer_8149,42
REV-71A23665,2024-01-24,5,Love the natural ingredients. Been using for 2 months now.,True,PureGlow Cleansing Balm,Customer_7463,45
REV-C31EB76B,2023-11-06,5,Love the natural ingredients. Been using for 2 months now.,False,Turmeric Anti-Inflammatory Tablets,Customer_2348,0
REV-CB4B133F,2024-01-02,4,My skin has never looked better! Shipping was fast too.,True,HydraBoost Daily Moisturizer,Customer_3603,18
REV-A2FAF0C2,2023-10-07,5,The Turmeric Anti-Inflammatory Tablets exceeded expectations. Best purchase i've made this year!,False,PureGlow Cleansing Balm,Customer_1042,2
REV-06D4497C,2024-03-24,4,I noticed results in just one week! The HydraBoost Daily Moisturizer is amazing.,True,Omega-3 Fish Oil Supplement,Customer_3725,29
REV-2D5F89D2,2023-03-16,5,Great value for money. Been using for 2 months now.,False,HydraBoost Daily Moisturizer,Customer_4013,11
REV-D8AF4540,2024-07-11,4,My skin has never looked better. Been using for 2 months now.,True,HydraBoost Daily Moisturizer,Customer_2188,40
REV-B4D6BD51,2024-10-31,1,Terrible experience. Representative was rude and unhelpful. Avoid this product.,True,Radiance Vitamin C Serum,Customer_3018,27
REV-0C6592AD,2023-09-29,5,The Collagen Beauty Powder exceeded expectations. Customer service was super helpful!,False,Turmeric Anti-Inflammatory Tablets,Customer_4919,21
REV-7EAE1435,2024-06-13,2,Ordered the PureGlow Cleansing Balm and product separated in the bottle. So angry right now.,False,Youth Renewal Night Cream,Customer_8625,4
REV-31640912,2024-08-13,3,Would consider other options next time. It's fine I guess.,True,Omega-3 Fish Oil Supplement,Customer_3032,15
REV-E848182A,2023-07-15,3,Average product for the price. It's fine I guess.,True,Omega-3 Fish Oil Supplement,Customer_4783,18
REV-3F193B7F,2024-12-26,4,The PureGlow Cleansing Balm exceeded expectations. This brand really cares about customers!,True,Collagen Beauty Powder,Customer_3231,33
REV-622D78D4,2024-11-24,4,Fast shipping and great quality! Shipping was fast too.,True,Probiotic Gut Health Capsules,Customer_2900,33
REV-35561DC1,2023-03-06,1,Very disappointed. The box arrived crushed. Won't buy again.,True,Youth Renewal Night Cream,Customer_1657,85
REV-C0C2F95C,2023-11-17,1,The Turmeric Anti-Inflammatory Tablets caused allergic reaction on my neck. Very frustrated with this purchase.,True,Omega-3 Fish Oil Supplement,Customer_4995,29
REV-CF60CE92,2023-11-25,1,Refund still hasn't processed. I want a refund immediately.,True,Turmeric Anti-Inflammatory Tablets,Customer_1782,48
REV-1A1D3FE3,2023-12-08,2,The Radiance Vitamin C Serum chat bot kept looping without solution. Very frustrated with this purchase.,True,Turmeric Anti-Inflammatory Tablets,Customer_6307,41
REV-39837F9A,2023-05-20,4,The Youth Renewal Night Cream exceeded expectations. Gentle on sensitive skin!,False,Radiance Vitamin C Serum,Customer_3356,23
REV-E2AFAEAB,2024-04-07,1,Very disappointed. The took 2 weeks to get a response. Won't buy again.,True,HydraBoost Daily Moisturizer,Customer_9437,37
REV-A9032776,2024-02-15,4,Just received my order and will definitely repurchase. Great job!,True,HydraBoost Daily Moisturizer,Customer_7855,24
REV-8368D483,2023-08-04,5,This brand really cares about customers! Shipping was fast too.,True,Youth Renewal Night Cream,Customer_2099,3
REV-ECBB68CD,2024-02-15,1,DO NOT BUY. They ignored my refund request. This company doesn't care.,True,Turmeric Anti-Inflammatory Tablets,Customer_6915,53
REV-E78FAB2B,2023-02-25,4,The Youth Renewal Night Cream exceeded expectations. Best purchase i've made this year!,True,Turmeric Anti-Inflammatory Tablets,Customer_1763,21
REV-A61D98E9,2024-08-20,5,Product works exactly as described. Been using for 2 months now.,False,Collagen Beauty Powder,Customer_3216,18
REV-1A646DC9,2024-05-18,5,The HydraBoost Daily Moisturizer exceeded expectations. Will definitely repurchase!,True,Omega-3 Fish Oil Supplement,Customer_6737,49
REV-CEBC3C71,2024-02-19,4,I love the natural ingredients! The Turmeric Anti-Inflammatory Tablets is amazing.,True,HydraBoost Daily Moisturizer,Customer_4044,30
REV-9492A07E,2024-07-02,5,Just received my order and fast shipping and great quality. Great job!,True,HydraBoost Daily Moisturizer,Customer_6412,46
REV-3048DB30,2024-06-30,3,Average product for the price. It's fine I guess.,True,Collagen Beauty Powder,Customer_9430,4
REV-15E442AA,2023-08-07,4,I packaging was beautiful and secure! The Probiotic Gut Health Capsules is amazing.,True,Collagen Beauty Powder,Customer_3745,34
REV-DDDB8222,2023-11-21,1,Ordered the Collagen Beauty Powder and tracking number didn't work. So angry right now.,True,Probiotic Gut Health Capsules,Customer_8480,84
REV-B09525D4,2024-07-15,5,Exceeded my expectations. Been using for 2 months now.,True,Collagen Beauty Powder,Customer_2833,19
REV-36DA8008,2023-02-14,1,DO NOT BUY. Chat bot kept looping without solution. This company doesn't care.,True,Probiotic Gut Health Capsules,Customer_8490,89
REV-A439C971,2024-03-11,2,Ordered the Youth Renewal Night Cream and made my skin red and irritated. So angry right now.,True,HydraBoost Daily Moisturizer,Customer_7763,25
REV-216CF8D6,2024-02-29,1,No protective packaging at all. I want a refund immediately.,True,Turmeric Anti-Inflammatory Tablets,Customer_7449,46
REV-959BC609,2023-09-28,3,Does what it says but slowly. It's fine I guess.,True,HydraBoost Daily Moisturizer,Customer_4128,29
REV-93EF637B,2024-12-20,3,Might work for others but not for me. It's fine I guess.,True,Youth Renewal Night Cream,Customer_7889,25
REV-FDE74043,2023-06-25,5,Just received my order and best purchase I've made this year. Great job!,True,Collagen Beauty Powder,Customer_8169,48
REV-EC0FBE85,2024-11-30,5,I customer service was super helpful! The Collagen Beauty Powder is amazing.,True,Turmeric Anti-Inflammatory Tablets,Customer_8938,45
REV-00438BCF,2024-05-18,2,Ordered the Omega-3 Fish Oil Supplement and waited 45 minutes on chat with no help. So angry right now.,True,Turmeric Anti-Inflammatory Tablets,Customer_7149,38
REV-524EA4F0,2024-05-03,5,Love the natural ingredients! Shipping was fast too.,True,Radiance Vitamin C Serum,Customer_6946,12
REV-43201B26,2024-02-27,1,Very disappointed. The packaging looks cheap for the price. Won't buy again.,True,Probiotic Gut Health Capsules,Customer_7233,23
REV-1D782247,2024-05-20,2,Terrible experience. Cap was loose and product spilled. Avoid this product.,False,Turmeric Anti-Inflammatory Tablets,Customer_5236,10
REV-A0CABD88,2023-09-14,2,Terrible experience. Caused allergic reaction on my neck. Avoid this product.,False,Youth Renewal Night Cream,Customer_7238,29
REV-B3D6BEFA,2023-04-05,1,DO NOT BUY. Packaging looks cheap for the price. This company doesn't care.,False,PureGlow Cleansing Balm,Customer_2603,60
REV-0BAFF96F,2024-06-25,4,Fast shipping and great quality. Been using for 2 months now.,True,Probiotic Gut Health Capsules,Customer_4476,40
REV-58BF8650,2023-02-10,3,Does what it says but slowly. It's fine I guess.,True,Turmeric Anti-Inflammatory Tablets,Customer_1867,11
REV-F17DD3FF,2023-11-19,2,DO NOT BUY. Label peeled off immediately. This company doesn't care.,True,Probiotic Gut Health Capsules,Customer_4411,14
REV-5997BB90,2024-11-05,1,Ordered the Probiotic Gut Health Capsules and no protective packaging at all. So angry right now.,True,Youth Renewal Night Cream,Customer_4075,97
REV-DACFEBFB,2024-02-19,4,Will definitely repurchase! Shipping was fast too.,False,Probiotic Gut Health Capsules,Customer_3414,25
REV-45003A9D,2024-08-03,2,DO NOT BUY. Couldn't cancel my subscription. This company doesn't care.,True,Turmeric Anti-Inflammatory Tablets,Customer_2149,39
REV-163BF8BB,2023-12-29,4,Just received my order and will definitely repurchase. Great job!,False,Probiotic Gut Health Capsules,Customer_2056,2
REV-3BB988D1,2023-04-02,4,Just received my order and highly recommend to friends. Great job!,True,PureGlow Cleansing Balm,Customer_7984,33
REV-923B6B82,2023-07-10,4,The Probiotic Gut Health Capsules exceeded expectations. Will definitely repurchase!,True,Radiance Vitamin C Serum,Customer_7238,17
REV-3A21EE50,2024-01-21,4,The HydraBoost Daily Moisturizer exceeded expectations. Product works exactly as described!,False,Omega-3 Fish Oil Supplement,Customer_8193,7
REV-510CE313,2023-01-17,1,Ordered the Collagen Beauty Powder and waited 45 minutes on chat with no help. So angry right now.,True,Collagen Beauty Powder,Customer_3927,1
REV-41417741,2023-10-17,2,Very disappointed. The caused breakout within days. Won't buy again.,True,Collagen Beauty Powder,Customer_1764,43
REV-5C398C5D,2024-01-11,5,I gentle on sensitive skin! The Turmeric Anti-Inflammatory Tablets is amazing.,True,Youth Renewal Night Cream,Customer_9888,18
REV-28163D04,2024-12-03,5,Just received my order and love the natural ingredients. Great job!,True,Radiance Vitamin C Serum,Customer_1654,0
REV-4853210D,2024-12-29,5,Just received my order and highly recommend to friends. Great job!,True,Radiance Vitamin C Serum,Customer_9894,3
REV-854C2C28,2023-03-12,2,DO NOT BUY. Order never showed up. This company doesn't care.,True,Turmeric Anti-Inflammatory Tablets,Customer_2397,24
REV-388B0FFF,2024-09-02,1,Terrible experience. No protective packaging at all. Avoid this product.,False,HydraBoost Daily Moisturizer,Customer_5806,43
REV-4427CAE3,2024-02-20,4,This brand really cares about customers. Been using for 2 months now.,True,PureGlow Cleansing Balm,Customer_8747,4
REV-B5D55F7D,2023-11-10,3,Works but takes time to see results. It's fine I guess.,True,Turmeric Anti-Inflammatory Tablets,Customer_9857,1
REV-8D878673,2023-05-11,5,Just received my order and best purchase I've made this year. Great job!,True,HydraBoost Daily Moisturizer,Customer_7115,30
REV-6D7E0BB0,2023-12-19,1,Terrible experience. Smells rancid like old oil. Avoid this product.,True,Probiotic Gut Health Capsules,Customer_1472,7
REV-F504B40B,2024-07-26,4,The Probiotic Gut Health Capsules exceeded expectations. Exceeded my expectations!,False,Radiance Vitamin C Serum,Customer_8530,38
REV-8F20BB45,2024-01-24,1,Waste of money. Shipping cost more than the product. Customer service was no help.,True,Radiance Vitamin C Serum,Customer_3545,25
REV-E5CC0521,2024-05-21,2,Very disappointed. The cap was loose and product spilled. Won't buy again.,True,HydraBoost Daily Moisturizer,Customer_6285,36
REV-6160AACD,2023-05-07,4,The Probiotic Gut Health Capsules exceeded expectations. Highly recommend to friends!,True,Collagen Beauty Powder,Customer_1738,46
REV-C35B173B,2023-05-21,4,Great value for money! Shipping was fast too.,True,Youth Renewal Night Cream,Customer_7017,5
REV-EF830ECA,2023-09-18,1,Waste of money. Packaging looks cheap for the price. Customer service was no help.,True,Youth Renewal Night Cream,Customer_7725,15
REV-9CF6026F,2023-07-01,3,Works but takes time to see results. It's fine I guess.,True,Youth Renewal Night Cream,Customer_1382,22
REV-84DC7412,2023-01-20,4,I packaging was beautiful and secure! The Radiance Vitamin C Serum is amazing.,True,PureGlow Cleansing Balm,Customer_4019,40
REV-58229469,2024-02-14,2,Very disappointed. The package arrived damaged. Won't buy again.,True,PureGlow Cleansing Balm,Customer_3398,28
REV-A58C69B0,2024-03-28,2,Waste of money. Jar arrived cracked. Customer service was no help.,True,Turmeric Anti-Inflammatory Tablets,Customer_8064,19
REV-E1B75D87,2023-12-09,2,Ordered the Youth Renewal Night Cream and subscription price increased without notice. So angry right now.,False,Collagen Beauty Powder,Customer_7633,27
REV-B2FB62DB,2024-07-15,5,Just received my order and best purchase I've made this year. Great job!,True,Omega-3 Fish Oil Supplement,Customer_9315,6
REV-996138B7,2024-10-10,5,Just received my order and absolutely love this product. Great job!,True,HydraBoost Daily Moisturizer,Customer_2612,37
REV-C6C9FE2C,2024-09-24,4,Packaging was beautiful and secure. Been using for 2 months now.,True,Omega-3 Fish Oil Supplement,Customer_3134,36
REV-343DC35D,2024-10-03,5,I customer service was super helpful! The Omega-3 Fish Oil Supplement is amazing.,True,Omega-3 Fish Oil Supplement,Customer_6331,41
REV-A9A54813,2024-06-02,4,Will definitely repurchase. Been using for 2 months now.,True,Youth Renewal Night Cream,Customer_8465,21
REV-C07EDE2E,2023-04-01,5,I highly recommend to friends! The Radiance Vitamin C Serum is amazing.,True,Collagen Beauty Powder,Customer_6385,23
REV-54C2DBDF,2023-09-21,4,Gentle on sensitive skin! Shipping was fast too.,True,PureGlow Cleansing Balm,Customer_3063,15
REV-FA3BC33F,2023-01-12,2,DO NOT BUY. Agent hung up on me. This company doesn't care.,True,HydraBoost Daily Moisturizer,Customer_8857,30
REV-CDD25068,2024-12-10,3,Would consider other options next time. It's fine I guess.,True,HydraBoost Daily Moisturizer,Customer_5185,22
REV-F340FE22,2023-12-31,2,DO NOT BUY. Charged after i cancelled. This company doesn't care.,True,Omega-3 Fish Oil Supplement,Customer_9584,42
REV-57C24B34,2024-09-04,3,Average product for the price. It's fine I guess.,True,Turmeric Anti-Inflammatory Tablets,Customer_3525,45
REV-A9BB20B2,2024-03-30,5,The Radiance Vitamin C Serum exceeded expectations. Packaging was beautiful and secure!,True,Probiotic Gut Health Capsules,Customer_8759,34
REV-DD6A8B4F,2023-08-01,3,Does what it says but slowly. It's fine I guess.,True,HydraBoost Daily Moisturizer,Customer_9828,47
REV-0AC2ECF3,2023-01-08,4,I absolutely love this product! The Omega-3 Fish Oil Supplement is amazing.,True,Collagen Beauty Powder,Customer_4250,50
REV-E2BA7693,2024-04-20,5,Love the natural ingredients! Shipping was fast too.,True,Youth Renewal Night Cream,Customer_6159,47
